timestamp_ns	dev_addr	fcnt	gw_id	src_ip
1774860969780991844	2898369394	0	5	10.0.1.5
1774860969782817046	655392398	0	5	10.0.1.5
1774860969784545793	4018635622	0	5	10.0.1.5
1774860969785196915	488757598	0	5	10.0.1.5
1774860969785681030	2626208332	0	5	10.0.1.5
1774860969786281535	2745779158	0	5	10.0.1.5
1774860969787327442	1856183813	0	5	10.0.1.5
1774860969789052151	2076378537	0	5	10.0.1.5
1774860969790343992	3808189964	0	5	10.0.1.5
1774860969790908557	2901564217	0	5	10.0.1.5
1774860969792741540	1151514516	0	5	10.0.1.5
1774860969793956188	247694516	0	5	10.0.1.5
1774860969794949403	383471470	0	5	10.0.1.5
1774860969795997634	4259642430	0	5	10.0.1.5
1774860969797063556	933218567	0	5	10.0.1.5
1774860969797439594	2889841059	0	5	10.0.1.5
1774860969798310725	1564538605	0	5	10.0.1.5
1774860969798970658	1753606377	0	2	10.0.1.2
1774860969799532533	4119844090	0	2	10.0.1.2
1774860969801007859	3909572108	0	2	10.0.1.2
1774860969801933864	704937175	0	2	10.0.1.2
1774860969803055789	599416365	0	2	10.0.1.2
1774860969803267225	3241424006	0	2	10.0.1.2
1774860969804292752	858302800	0	2	10.0.1.2
1774860969805042963	2858622573	0	2	10.0.1.2
1774860969805327346	2016996413	0	2	10.0.1.2
1774860969805795776	2708439015	0	2	10.0.1.2
1774860969806775844	988493675	0	4	10.0.1.4
1774860969808225330	50818990	0	4	10.0.1.4
1774860969808802826	3564894126	0	4	10.0.1.4
1774860969809204551	3003182825	0	4	10.0.1.4
1774860969810398390	3606737687	0	4	10.0.1.4
1774860969810790226	2107002899	0	4	10.0.1.4
1774860969811259658	477672769	0	1	10.0.1.1
1774860969811819577	3959232199	0	4	10.0.1.4
1774860969812390081	2576063033	0	1	10.0.1.1
1774860969813957212	2083919442	0	4	10.0.1.4
1774860969815488492	2229640354	0	4	10.0.1.4
1774860969815910039	1707991444	0	1	10.0.1.1
1774860969816458413	232792703	0	4	10.0.1.4
1774860969817632980	414743068	0	1	10.0.1.1
1774860969818766042	3836325298	0	4	10.0.1.4
1774860969819517568	2296563577	0	1	10.0.1.1
1774860969820315619	1377571547	0	1	10.0.1.1
1774860969822240826	4030909294	0	1	10.0.1.1
1774860969823365355	2067026700	0	1	10.0.1.1
1774860969824517863	3428610663	0	1	10.0.1.1
1774860969829532807	2206755353	0	3	10.0.1.3
1774860969830593721	3394290607	0	3	10.0.1.3
1774860969831642345	570084675	0	3	10.0.1.3
1774860969917171811	2898369394	1	5	10.0.1.5
1774860969918120703	655392398	1	5	10.0.1.5
1774860969918416928	4018635622	1	5	10.0.1.5
1774860969918913716	488757598	1	5	10.0.1.5
1774860969919756141	2626208332	1	5	10.0.1.5
1774860969920335117	2745779158	1	5	10.0.1.5
1774860969921194399	1856183813	1	5	10.0.1.5
1774860969921648165	2076378537	1	5	10.0.1.5
1774860969922354847	3808189964	1	5	10.0.1.5
1774860969922991125	2901564217	1	5	10.0.1.5
1774860969923624554	1151514516	1	5	10.0.1.5
1774860969924254644	247694516	1	5	10.0.1.5
1774860969924889855	383471470	1	5	10.0.1.5
1774860969925529686	4259642430	1	5	10.0.1.5
1774860969926194487	933218567	1	5	10.0.1.5
1774860969926889809	2889841059	1	5	10.0.1.5
1774860969927382183	1564538605	1	5	10.0.1.5
1774860969928052168	1753606377	1	2	10.0.1.2
1774860969928759167	4119844090	1	2	10.0.1.2
1774860969930337983	3909572108	1	2	10.0.1.2
1774860969931367748	704937175	1	2	10.0.1.2
1774860969932457952	599416365	1	2	10.0.1.2
1774860969932977240	3241424006	1	2	10.0.1.2
1774860969933874391	858302800	1	2	10.0.1.2
1774860969934418776	2858622573	1	2	10.0.1.2
1774860969934968380	2016996413	1	2	10.0.1.2
1774860969935899342	2708439015	1	2	10.0.1.2
1774860969937194829	988493675	1	4	10.0.1.4
1774860969938566508	50818990	1	4	10.0.1.4
1774860969939351498	3564894126	1	4	10.0.1.4
1774860969940174955	3003182825	1	4	10.0.1.4
1774860969941448589	3606737687	1	4	10.0.1.4
1774860969941711155	2107002899	1	4	10.0.1.4
1774860969942501488	3959232199	1	4	10.0.1.4
1774860969943458994	2083919442	1	4	10.0.1.4
1774860969944374213	2229640354	1	4	10.0.1.4
1774860969944992901	232792703	1	4	10.0.1.4
1774860969946151007	477672769	1	1	10.0.1.1
1774860969946579026	3836325298	1	4	10.0.1.4
1774860969947235769	2576063033	1	1	10.0.1.1
1774860969949468954	1707991444	1	1	10.0.1.1
1774860969950351494	414743068	1	1	10.0.1.1
1774860969951460303	2296563577	1	1	10.0.1.1
1774860969952473668	1377571547	1	1	10.0.1.1
1774860969954249954	4030909294	1	1	10.0.1.1
1774860969955351680	2067026700	1	1	10.0.1.1
1774860969956309782	3428610663	1	1	10.0.1.1
1774860969963287615	2206755353	1	3	10.0.1.3
1774860969963993140	3394290607	1	3	10.0.1.3
1774860969965153040	570084675	1	3	10.0.1.3
1774860970047797876	2898369394	2	5	10.0.1.5
1774860970048780716	655392398	2	5	10.0.1.5
1774860970049256709	4018635622	2	5	10.0.1.5
1774860970050254539	488757598	2	5	10.0.1.5
1774860970050861502	2626208332	2	5	10.0.1.5
1774860970051278737	2745779158	2	5	10.0.1.5
1774860970052315591	1856183813	2	5	10.0.1.5
1774860970052877807	2076378537	2	5	10.0.1.5
1774860970053307613	3808189964	2	5	10.0.1.5
1774860970053930924	2901564217	2	5	10.0.1.5
1774860970054437277	1151514516	2	5	10.0.1.5
1774860970055158654	247694516	2	5	10.0.1.5
1774860970055868710	383471470	2	5	10.0.1.5
1774860970056105715	4259642430	2	5	10.0.1.5
1774860970056681151	933218567	2	5	10.0.1.5
1774860970057232061	2889841059	2	5	10.0.1.5
1774860970057843294	1564538605	2	5	10.0.1.5
1774860970058381269	1753606377	2	2	10.0.1.2
1774860970059231372	4119844090	2	2	10.0.1.2
1774860970060486168	3909572108	2	2	10.0.1.2
1774860970061702527	704937175	2	2	10.0.1.2
1774860970062684109	599416365	2	2	10.0.1.2
1774860970063394757	3241424006	2	2	10.0.1.2
1774860970063914297	858302800	2	2	10.0.1.2
1774860970064392840	988493675	2	4	10.0.1.4
1774860970064837278	2858622573	2	2	10.0.1.2
1774860970066309977	2016996413	2	2	10.0.1.2
1774860970067276239	50818990	2	4	10.0.1.4
1774860970068029555	2708439015	2	2	10.0.1.2
1774860970069210736	3564894126	2	4	10.0.1.4
1774860970069930817	3003182825	2	4	10.0.1.4
1774860970071221915	3606737687	2	4	10.0.1.4
1774860970072167936	2107002899	2	4	10.0.1.4
1774860970073318886	3959232199	2	4	10.0.1.4
1774860970074349362	2083919442	2	4	10.0.1.4
1774860970074932721	2229640354	2	4	10.0.1.4
1774860970075712698	232792703	2	4	10.0.1.4
1774860970076551568	3836325298	2	4	10.0.1.4
1774860970079348017	477672769	2	1	10.0.1.1
1774860970079930871	2576063033	2	1	10.0.1.1
1774860970081893730	1707991444	2	1	10.0.1.1
1774860970082810488	414743068	2	1	10.0.1.1
1774860970084496880	2296563577	2	1	10.0.1.1
1774860970085315879	1377571547	2	1	10.0.1.1
1774860970087195491	4030909294	2	1	10.0.1.1
1774860970088287397	2067026700	2	1	10.0.1.1
1774860970089807721	3428610663	2	1	10.0.1.1
1774860970098355323	2206755353	2	3	10.0.1.3
1774860970099475077	3394290607	2	3	10.0.1.3
1774860970100700930	570084675	2	3	10.0.1.3
1774860970170038197	2898369394	3	5	10.0.1.5
1774860970170898555	655392398	3	5	10.0.1.5
1774860970171783673	4018635622	3	5	10.0.1.5
1774860970172116924	488757598	3	5	10.0.1.5
1774860970172545094	2626208332	3	5	10.0.1.5
1774860970173208787	2745779158	3	5	10.0.1.5
1774860970173721709	1856183813	3	5	10.0.1.5
1774860970174004587	2076378537	3	5	10.0.1.5
1774860970174343309	3808189964	3	5	10.0.1.5
1774860970175110780	2901564217	3	5	10.0.1.5
1774860970175532720	1151514516	3	5	10.0.1.5
1774860970175791613	247694516	3	5	10.0.1.5
1774860970176124872	383471470	3	5	10.0.1.5
1774860970176675157	4259642430	3	5	10.0.1.5
1774860970177148470	933218567	3	5	10.0.1.5
1774860970177904344	2889841059	3	5	10.0.1.5
1774860970180281322	1564538605	3	5	10.0.1.5
1774860970193435969	1753606377	3	2	10.0.1.2
1774860970194283604	988493675	3	4	10.0.1.4
1774860970195087744	4119844090	3	2	10.0.1.2
1774860970197138548	3909572108	3	2	10.0.1.2
1774860970198143881	50818990	3	4	10.0.1.4
1774860970198610020	704937175	3	2	10.0.1.2
1774860970199054553	3564894126	3	4	10.0.1.4
1774860970199854399	3003182825	3	4	10.0.1.4
1774860970200470006	599416365	3	2	10.0.1.2
1774860970201205963	3241424006	3	2	10.0.1.2
1774860970201890000	858302800	3	4	10.0.1.4
1774860970202711574	3606737687	3	4	10.0.1.4
1774860970204125832	2858622573	3	2	10.0.1.2
1774860970204357654	2107002899	3	4	10.0.1.4
1774860970204849073	2016996413	3	2	10.0.1.2
1774860970205329463	3959232199	3	4	10.0.1.4
1774860970205790484	2708439015	3	2	10.0.1.2
1774860970207544367	2083919442	3	4	10.0.1.4
1774860970208324460	2229640354	3	4	10.0.1.4
1774860970209185792	232792703	3	4	10.0.1.4
1774860970210286117	3836325298	3	4	10.0.1.4
1774860970215176853	477672769	3	1	10.0.1.1
1774860970215769472	2576063033	3	1	10.0.1.1
1774860970218783308	1707991444	3	1	10.0.1.1
1774860970219612316	414743068	3	1	10.0.1.1
1774860970220646254	2296563577	3	1	10.0.1.1
1774860970221542281	1377571547	3	1	10.0.1.1
1774860970223189031	4030909294	3	1	10.0.1.1
1774860970224153528	2067026700	3	1	10.0.1.1
1774860970225309495	3428610663	3	1	10.0.1.1
1774860970233056069	2206755353	3	3	10.0.1.3
1774860970233968727	3394290607	3	3	10.0.1.3
1774860970235060334	570084675	3	3	10.0.1.3
1774860970298041563	2898369394	4	5	10.0.1.5
1774860970300183869	655392398	4	5	10.0.1.5
1774860970300378954	4018635622	4	5	10.0.1.5
1774860970300576926	488757598	4	5	10.0.1.5
1774860970300806576	2626208332	4	5	10.0.1.5
1774860970301032926	2745779158	4	5	10.0.1.5
1774860970301224858	1856183813	4	5	10.0.1.5
1774860970302175121	2076378537	4	5	10.0.1.5
1774860970302366188	3808189964	4	5	10.0.1.5
1774860970302598451	2901564217	4	5	10.0.1.5
1774860970305202622	1151514516	4	5	10.0.1.5
1774860970305421602	247694516	4	5	10.0.1.5
1774860970305647313	383471470	4	5	10.0.1.5
1774860970305854702	4259642430	4	5	10.0.1.5
1774860970306060368	933218567	4	5	10.0.1.5
1774860970306245972	2889841059	4	5	10.0.1.5
1774860970306429375	1564538605	4	5	10.0.1.5
1774860970331416706	1753606377	4	2	10.0.1.2
1774860970331934518	988493675	4	4	10.0.1.4
1774860970332347746	4119844090	4	2	10.0.1.2
1774860970336685373	3909572108	4	4	10.0.1.4
1774860970337096529	50818990	4	4	10.0.1.4
1774860970337354819	3564894126	4	4	10.0.1.4
1774860970337628110	3003182825	4	4	10.0.1.4
1774860970339423950	858302800	4	4	10.0.1.4
1774860970339678551	704937175	4	2	10.0.1.2
1774860970341952842	3606737687	4	4	10.0.1.4
1774860970342292535	2107002899	4	4	10.0.1.4
1774860970342610072	3959232199	4	4	10.0.1.4
1774860970342865952	599416365	4	2	10.0.1.2
1774860970343123882	2858622573	4	4	10.0.1.4
1774860970343347797	3241424006	4	2	10.0.1.2
1774860970343548460	2083919442	4	4	10.0.1.4
1774860970343767366	2229640354	4	4	10.0.1.4
1774860970343998489	232792703	4	4	10.0.1.4
1774860970344202735	2016996413	4	2	10.0.1.2
1774860970344402942	2708439015	4	2	10.0.1.2
1774860970344613013	3836325298	4	4	10.0.1.4
1774860970348485322	477672769	4	1	10.0.1.1
1774860970348775651	2576063033	4	1	10.0.1.1
1774860970350297246	1707991444	4	1	10.0.1.1
1774860970351052331	414743068	4	1	10.0.1.1
1774860970352181931	2296563577	4	1	10.0.1.1
1774860970352912220	1377571547	4	1	10.0.1.1
1774860970354465862	4030909294	4	1	10.0.1.1
1774860970356746524	2067026700	4	1	10.0.1.1
1774860970358213219	3428610663	4	1	10.0.1.1
1774860970382375531	2206755353	4	3	10.0.1.3
1774860970383398309	3394290607	4	3	10.0.1.3
1774860970384683928	570084675	4	3	10.0.1.3
1774860970427379476	2898369394	5	5	10.0.1.5
1774860970427811833	655392398	5	5	10.0.1.5
1774860970428200955	4018635622	5	5	10.0.1.5
1774860970428583319	488757598	5	5	10.0.1.5
1774860970429062391	2626208332	5	5	10.0.1.5
1774860970429430582	2745779158	5	5	10.0.1.5
1774860970430362190	1856183813	5	5	10.0.1.5
1774860970430910144	2076378537	5	5	10.0.1.5
1774860970431389282	3808189964	5	5	10.0.1.5
1774860970432011375	2901564217	5	5	10.0.1.5
1774860970432605542	1151514516	5	5	10.0.1.5
1774860970433005927	247694516	5	5	10.0.1.5
1774860970433446277	383471470	5	5	10.0.1.5
1774860970433880050	4259642430	5	5	10.0.1.5
1774860970434238937	933218567	5	5	10.0.1.5
1774860970434789458	2889841059	5	5	10.0.1.5
1774860970435164937	1564538605	5	5	10.0.1.5
1774860970462129038	1753606377	5	2	10.0.1.2
1774860970462723738	988493675	5	4	10.0.1.4
1774860970463364289	4119844090	5	2	10.0.1.2
1774860970464937555	3909572108	5	4	10.0.1.4
1774860970465665676	50818990	5	4	10.0.1.4
1774860970466505740	3564894126	5	4	10.0.1.4
1774860970467026296	704937175	5	2	10.0.1.2
1774860970467546515	3003182825	5	4	10.0.1.4
1774860970468493442	599416365	5	2	10.0.1.2
1774860970469035248	858302800	5	4	10.0.1.4
1774860970469443360	3241424006	5	2	10.0.1.2
1774860970469992975	3606737687	5	4	10.0.1.4
1774860970470739205	2107002899	5	4	10.0.1.4
1774860970471454686	2858622573	5	2	10.0.1.2
1774860970471844523	3959232199	5	4	10.0.1.4
1774860970472153562	2016996413	5	2	10.0.1.2
1774860970472907359	2708439015	5	2	10.0.1.2
1774860970474124760	2083919442	5	4	10.0.1.4
1774860970475448868	2229640354	5	4	10.0.1.4
1774860970476017050	232792703	5	4	10.0.1.4
1774860970477400335	3836325298	5	4	10.0.1.4
1774860970487048500	477672769	5	1	10.0.1.1
1774860970487745668	2576063033	5	1	10.0.1.1
1774860970489685198	1707991444	5	1	10.0.1.1
1774860970490680740	414743068	5	1	10.0.1.1
1774860970492028056	2296563577	5	1	10.0.1.1
1774860970492716281	1377571547	5	1	10.0.1.1
1774860970494415319	4030909294	5	1	10.0.1.1
1774860970495477836	2067026700	5	1	10.0.1.1
1774860970496522769	3428610663	5	1	10.0.1.1
1774860970513724348	2206755353	5	3	10.0.1.3
1774860970514288716	3394290607	5	3	10.0.1.3
1774860970515298758	570084675	5	3	10.0.1.3
1774860970559248479	2898369394	6	5	10.0.1.5
1774860970560203465	655392398	6	5	10.0.1.5
1774860970562293885	4018635622	6	5	10.0.1.5
1774860970562908181	488757598	6	5	10.0.1.5
1774860970563633072	2626208332	6	5	10.0.1.5
1774860970564735731	2745779158	6	5	10.0.1.5
1774860970565957324	1856183813	6	5	10.0.1.5
1774860970567160485	2076378537	6	5	10.0.1.5
1774860970568046241	3808189964	6	5	10.0.1.5
1774860970568957241	2901564217	6	5	10.0.1.5
1774860970570115931	1151514516	6	5	10.0.1.5
1774860970570600205	247694516	6	5	10.0.1.5
1774860970571520271	383471470	6	5	10.0.1.5
1774860970572489896	4259642430	6	5	10.0.1.5
1774860970573505260	933218567	6	5	10.0.1.5
1774860970574481685	2889841059	6	5	10.0.1.5
1774860970575160885	1564538605	6	5	10.0.1.5
1774860970596150140	1753606377	6	2	10.0.1.2
1774860970597362690	988493675	6	4	10.0.1.4
1774860970598217087	4119844090	6	2	10.0.1.2
1774860970608194620	3909572108	6	4	10.0.1.4
1774860970608606260	50818990	6	4	10.0.1.4
1774860970608803105	3564894126	6	4	10.0.1.4
1774860970609009499	3003182825	6	4	10.0.1.4
1774860970609231716	704937175	6	2	10.0.1.2
1774860970609569920	599416365	6	2	10.0.1.2
1774860970609872514	858302800	6	4	10.0.1.4
1774860970610275594	3241424006	6	2	10.0.1.2
1774860970610745402	3606737687	6	4	10.0.1.4
1774860970610958802	2858622573	6	2	10.0.1.2
1774860970611188462	2107002899	6	4	10.0.1.4
1774860970611616001	2016996413	6	2	10.0.1.2
1774860970612055563	3959232199	6	4	10.0.1.4
1774860970612263823	2708439015	6	2	10.0.1.2
1774860970612598458	2083919442	6	4	10.0.1.4
1774860970613175706	2229640354	6	4	10.0.1.4
1774860970613508965	232792703	6	4	10.0.1.4
1774860970613984023	3836325298	6	4	10.0.1.4
1774860970628580050	477672769	6	1	10.0.1.1
1774860970629297919	2576063033	6	1	10.0.1.1
1774860970630850315	1707991444	6	1	10.0.1.1
1774860970631582347	414743068	6	1	10.0.1.1
1774860970632539340	2296563577	6	1	10.0.1.1
1774860970633271621	1377571547	6	1	10.0.1.1
1774860970634890716	4030909294	6	1	10.0.1.1
1774860970636205575	2067026700	6	1	10.0.1.1
1774860970637274270	3428610663	6	1	10.0.1.1
1774860970656254081	2206755353	6	3	10.0.1.3
1774860970657416748	3394290607	6	3	10.0.1.3
1774860970658468631	570084675	6	3	10.0.1.3
1774860970683163930	2898369394	7	5	10.0.1.5
1774860970683623533	655392398	7	5	10.0.1.5
1774860970684224936	4018635622	7	5	10.0.1.5
1774860970684851110	488757598	7	5	10.0.1.5
1774860970685334604	2626208332	7	5	10.0.1.5
1774860970685771123	2745779158	7	5	10.0.1.5
1774860970686102455	1856183813	7	5	10.0.1.5
1774860970686702404	2076378537	7	5	10.0.1.5
1774860970686984674	3808189964	7	5	10.0.1.5
1774860970687695961	2901564217	7	5	10.0.1.5
1774860970688208976	1151514516	7	5	10.0.1.5
1774860970688919195	247694516	7	5	10.0.1.5
1774860970689583070	383471470	7	5	10.0.1.5
1774860970690504643	4259642430	7	5	10.0.1.5
1774860970691098510	933218567	7	5	10.0.1.5
1774860970691676772	2889841059	7	5	10.0.1.5
1774860970692129330	1564538605	7	5	10.0.1.5
1774860970730422603	1753606377	7	2	10.0.1.2
1774860970731083343	4119844090	7	2	10.0.1.2
1774860970732285318	3909572108	7	2	10.0.1.2
1774860970733388657	704937175	7	2	10.0.1.2
1774860970734498288	599416365	7	2	10.0.1.2
1774860970735593182	3241424006	7	2	10.0.1.2
1774860970735901379	858302800	7	2	10.0.1.2
1774860970736575910	2858622573	7	2	10.0.1.2
1774860970736997636	2016996413	7	2	10.0.1.2
1774860970737373949	2708439015	7	2	10.0.1.2
1774860970738575177	988493675	7	4	10.0.1.4
1774860970739956808	50818990	7	4	10.0.1.4
1774860970740682565	3564894126	7	4	10.0.1.4
1774860970741163298	3003182825	7	4	10.0.1.4
1774860970742016093	3606737687	7	4	10.0.1.4
1774860970742475206	2107002899	7	4	10.0.1.4
1774860970742937329	3959232199	7	4	10.0.1.4
1774860970744225868	2083919442	7	4	10.0.1.4
1774860970745051604	2229640354	7	4	10.0.1.4
1774860970745488052	232792703	7	4	10.0.1.4
1774860970746621770	3836325298	7	4	10.0.1.4
1774860970785786851	414743068	7	3	10.0.1.3
1774860970789629712	2206755353	7	3	10.0.1.3
1774860970790523738	477672769	7	1	10.0.1.1
1774860970791917826	2576063033	7	1	10.0.1.1
1774860970792560430	3394290607	7	3	10.0.1.3
1774860970796494642	2067026700	7	3	10.0.1.3
1774860970797986053	570084675	7	3	10.0.1.3
1774860970799037848	1707991444	7	1	10.0.1.1
1774860970801798906	2296563577	7	1	10.0.1.1
1774860970802304956	1377571547	7	1	10.0.1.1
1774860970804238025	4030909294	7	1	10.0.1.1
1774860970806397398	3428610663	7	1	10.0.1.1
1774860970815199683	2898369394	8	5	10.0.1.5
1774860970816019301	655392398	8	5	10.0.1.5
1774860970816733238	4018635622	8	5	10.0.1.5
1774860970817471753	488757598	8	5	10.0.1.5
1774860970818186268	2626208332	8	5	10.0.1.5
1774860970818855332	2745779158	8	5	10.0.1.5
1774860970819501645	1856183813	8	5	10.0.1.5
1774860970820181390	2076378537	8	5	10.0.1.5
1774860970820843754	3808189964	8	5	10.0.1.5
1774860970821596764	2901564217	8	5	10.0.1.5
1774860970822115821	1151514516	8	5	10.0.1.5
1774860970822556566	247694516	8	5	10.0.1.5
1774860970822931901	383471470	8	5	10.0.1.5
1774860970823573069	4259642430	8	5	10.0.1.5
1774860970824243602	933218567	8	5	10.0.1.5
1774860970824894011	2889841059	8	5	10.0.1.5
1774860970825509638	1564538605	8	5	10.0.1.5
1774860970855515581	1753606377	8	2	10.0.1.2
1774860970856739582	4119844090	8	2	10.0.1.2
1774860970858267333	3909572108	8	2	10.0.1.2
1774860970858988213	704937175	8	2	10.0.1.2
1774860970859928379	599416365	8	2	10.0.1.2
1774860970860343076	3241424006	8	2	10.0.1.2
1774860970861036429	858302800	8	2	10.0.1.2
1774860970861676578	2858622573	8	2	10.0.1.2
1774860970862432607	2016996413	8	2	10.0.1.2
1774860970863111794	2708439015	8	2	10.0.1.2
1774860970886237739	988493675	8	4	10.0.1.4
1774860970888091652	50818990	8	4	10.0.1.4
1774860970888462448	3564894126	8	4	10.0.1.4
1774860970889181034	3003182825	8	4	10.0.1.4
1774860970890226795	3606737687	8	4	10.0.1.4
1774860970890613450	2107002899	8	4	10.0.1.4
1774860970891231943	3959232199	8	4	10.0.1.4
1774860970892753705	2083919442	8	4	10.0.1.4
1774860970893229673	2229640354	8	4	10.0.1.4
1774860970893997259	232792703	8	4	10.0.1.4
1774860970894683906	3836325298	8	4	10.0.1.4
1774860970913987985	414743068	8	3	10.0.1.3
1774860970916287506	2206755353	8	3	10.0.1.3
1774860970917176289	3394290607	8	3	10.0.1.3
1774860970917757952	2067026700	8	3	10.0.1.3
1774860970918583324	570084675	8	3	10.0.1.3
1774860970920224630	477672769	8	1	10.0.1.1
1774860970920669001	2576063033	8	1	10.0.1.1
1774860970922107071	1707991444	8	1	10.0.1.1
1774860970923685355	2296563577	8	1	10.0.1.1
1774860970924438935	1377571547	8	1	10.0.1.1
1774860970925988531	4030909294	8	1	10.0.1.1
1774860970928022796	3428610663	8	1	10.0.1.1
1774860970945234872	2898369394	9	5	10.0.1.5
1774860970945928315	655392398	9	5	10.0.1.5
1774860970946144588	4018635622	9	5	10.0.1.5
1774860970946501680	488757598	9	5	10.0.1.5
1774860970947162360	2626208332	9	5	10.0.1.5
1774860970948078761	2745779158	9	5	10.0.1.5
1774860970948453627	1856183813	9	5	10.0.1.5
1774860970948849614	2076378537	9	5	10.0.1.5
1774860970949286481	3808189964	9	5	10.0.1.5
1774860970949991836	2901564217	9	5	10.0.1.5
1774860970950348410	1151514516	9	5	10.0.1.5
1774860970950696266	247694516	9	5	10.0.1.5
1774860970951119372	383471470	9	5	10.0.1.5
1774860970951481318	4259642430	9	5	10.0.1.5
1774860970952068507	933218567	9	5	10.0.1.5
1774860970952410625	2889841059	9	5	10.0.1.5
1774860970952785922	1564538605	9	5	10.0.1.5
1774860970981339793	1753606377	9	2	10.0.1.2
1774860970981892988	4119844090	9	2	10.0.1.2
1774860970983379739	3909572108	9	2	10.0.1.2
1774860970984730913	704937175	9	2	10.0.1.2
1774860970985505464	599416365	9	2	10.0.1.2
1774860970985989139	3241424006	9	2	10.0.1.2
1774860970986395240	858302800	9	2	10.0.1.2
1774860970986865344	2858622573	9	2	10.0.1.2
1774860970987321063	2016996413	9	2	10.0.1.2
1774860970987785448	2708439015	9	2	10.0.1.2
1774860971022471451	988493675	9	4	10.0.1.4
1774860971030200869	50818990	9	4	10.0.1.4
1774860971030792598	3564894126	9	4	10.0.1.4
1774860971031328819	3003182825	9	4	10.0.1.4
1774860971031571931	3606737687	9	4	10.0.1.4
1774860971032021088	2107002899	9	4	10.0.1.4
1774860971032248341	3959232199	9	4	10.0.1.4
1774860971032511517	2083919442	9	4	10.0.1.4
1774860971032736534	2229640354	9	4	10.0.1.4
1774860971033001987	232792703	9	4	10.0.1.4
1774860971033328018	3836325298	9	4	10.0.1.4
1774860971045150957	414743068	9	3	10.0.1.3
1774860971047820403	2206755353	9	3	10.0.1.3
1774860971048974276	3394290607	9	3	10.0.1.3
1774860971049594029	2067026700	9	3	10.0.1.3
1774860971050886391	570084675	9	3	10.0.1.3
1774860971053237194	477672769	9	1	10.0.1.1
1774860971054138091	2576063033	9	1	10.0.1.1
1774860971056283640	1707991444	9	1	10.0.1.1
1774860971058120624	2296563577	9	1	10.0.1.1
1774860971059162093	1377571547	9	1	10.0.1.1
1774860971060874124	4030909294	9	1	10.0.1.1
1774860971062931532	3428610663	9	1	10.0.1.1
1774860971081676325	2898369394	10	5	10.0.1.5
1774860971082270211	655392398	10	5	10.0.1.5
1774860971083366797	4018635622	10	5	10.0.1.5
1774860971083779460	488757598	10	5	10.0.1.5
1774860971084289563	2626208332	10	5	10.0.1.5
1774860971084755453	2745779158	10	5	10.0.1.5
1774860971085235226	1856183813	10	5	10.0.1.5
1774860971085662180	2076378537	10	5	10.0.1.5
1774860971086190903	3808189964	10	5	10.0.1.5
1774860971086593591	2901564217	10	5	10.0.1.5
1774860971087106624	1151514516	10	5	10.0.1.5
1774860971087476926	247694516	10	5	10.0.1.5
1774860971088058619	383471470	10	5	10.0.1.5
1774860971088617372	4259642430	10	5	10.0.1.5
1774860971089127410	933218567	10	5	10.0.1.5
1774860971089497473	2889841059	10	5	10.0.1.5
1774860971090108549	1564538605	10	5	10.0.1.5
1774860971120591823	1753606377	10	2	10.0.1.2
1774860971121287951	4119844090	10	2	10.0.1.2
1774860971122319698	3909572108	10	2	10.0.1.2
1774860971123256674	704937175	10	2	10.0.1.2
1774860971123971219	599416365	10	2	10.0.1.2
1774860971124474662	3241424006	10	2	10.0.1.2
1774860971124904347	858302800	10	2	10.0.1.2
1774860971125426228	2858622573	10	2	10.0.1.2
1774860971126010280	2016996413	10	2	10.0.1.2
1774860971126394776	2708439015	10	2	10.0.1.2
1774860971160608422	988493675	10	4	10.0.1.4
1774860971162715325	50818990	10	4	10.0.1.4
1774860971164112607	3564894126	10	4	10.0.1.4
1774860971165672512	3003182825	10	4	10.0.1.4
1774860971167411259	3606737687	10	4	10.0.1.4
1774860971168329562	2107002899	10	4	10.0.1.4
1774860971169159919	3959232199	10	4	10.0.1.4
1774860971171184327	2083919442	10	4	10.0.1.4
1774860971172027193	2229640354	10	4	10.0.1.4
1774860971173186896	232792703	10	4	10.0.1.4
1774860971174488074	3836325298	10	4	10.0.1.4
1774860971184161658	477672769	10	1	10.0.1.1
1774860971184855009	2576063033	10	1	10.0.1.1
1774860971187795424	414743068	10	3	10.0.1.3
1774860971189081547	1707991444	10	1	10.0.1.1
1774860971191594874	2296563577	10	1	10.0.1.1
1774860971192954461	1377571547	10	1	10.0.1.1
1774860971195664656	2206755353	10	3	10.0.1.3
1774860971197001008	4030909294	10	1	10.0.1.1
1774860971198810795	3394290607	10	3	10.0.1.3
1774860971199770184	2067026700	10	3	10.0.1.3
1774860971201273281	570084675	10	3	10.0.1.3
1774860971202485405	3428610663	10	1	10.0.1.1
1774860971217622457	2898369394	11	5	10.0.1.5
1774860971218249879	655392398	11	5	10.0.1.5
1774860971218782198	4018635622	11	5	10.0.1.5
1774860971219453675	488757598	11	5	10.0.1.5
1774860971220004088	2626208332	11	5	10.0.1.5
1774860971220652357	2745779158	11	5	10.0.1.5
1774860971221384488	1856183813	11	5	10.0.1.5
1774860971221942377	2076378537	11	5	10.0.1.5
1774860971222684698	3808189964	11	5	10.0.1.5
1774860971223644620	2901564217	11	5	10.0.1.5
1774860971223903844	1151514516	11	5	10.0.1.5
1774860971224494243	247694516	11	5	10.0.1.5
1774860971225053952	383471470	11	5	10.0.1.5
1774860971225714034	4259642430	11	5	10.0.1.5
1774860971226201541	933218567	11	5	10.0.1.5
1774860971226753848	2889841059	11	5	10.0.1.5
1774860971227255129	1564538605	11	5	10.0.1.5
1774860971252491718	1753606377	11	2	10.0.1.2
1774860971253360508	4119844090	11	2	10.0.1.2
1774860971254853146	3909572108	11	2	10.0.1.2
1774860971255648298	704937175	11	2	10.0.1.2
1774860971256751280	599416365	11	2	10.0.1.2
1774860971257331384	3241424006	11	2	10.0.1.2
1774860971258092377	858302800	11	2	10.0.1.2
1774860971258515348	2858622573	11	2	10.0.1.2
1774860971259064808	2016996413	11	2	10.0.1.2
1774860971259573127	2708439015	11	2	10.0.1.2
1774860971305000246	988493675	11	4	10.0.1.4
1774860971306793504	50818990	11	4	10.0.1.4
1774860971307286117	3564894126	11	4	10.0.1.4
1774860971308202155	3003182825	11	4	10.0.1.4
1774860971309430209	3606737687	11	4	10.0.1.4
1774860971310153690	2107002899	11	4	10.0.1.4
1774860971310899182	3959232199	11	4	10.0.1.4
1774860971312365660	2083919442	11	4	10.0.1.4
1774860971313086266	2229640354	11	4	10.0.1.4
1774860971313721400	232792703	11	4	10.0.1.4
1774860971315033512	3836325298	11	4	10.0.1.4
1774860971318505270	477672769	11	1	10.0.1.1
1774860971319817333	2576063033	11	1	10.0.1.1
1774860971324096995	414743068	11	3	10.0.1.3
1774860971325163479	1707991444	11	1	10.0.1.1
1774860971329262631	2296563577	11	1	10.0.1.1
1774860971331049797	1377571547	11	1	10.0.1.1
1774860971332237057	2206755353	11	3	10.0.1.3
1774860971334607461	3394290607	11	3	10.0.1.3
1774860971334912795	2067026700	11	3	10.0.1.3
1774860971335779674	4030909294	11	1	10.0.1.1
1774860971336729260	570084675	11	3	10.0.1.3
1774860971339707328	3428610663	11	1	10.0.1.1
1774860971356226266	2898369394	12	5	10.0.1.5
1774860971357066604	655392398	12	5	10.0.1.5
1774860971357593042	4018635622	12	5	10.0.1.5
1774860971358250634	488757598	12	5	10.0.1.5
1774860971358876505	2626208332	12	5	10.0.1.5
1774860971359614628	2745779158	12	5	10.0.1.5
1774860971359890748	1856183813	12	5	10.0.1.5
1774860971360283333	2076378537	12	5	10.0.1.5
1774860971360863909	3808189964	12	5	10.0.1.5
1774860971361602271	2901564217	12	5	10.0.1.5
1774860971361963448	1151514516	12	5	10.0.1.5
1774860971362549682	247694516	12	5	10.0.1.5
1774860971362996732	383471470	12	5	10.0.1.5
1774860971363616135	4259642430	12	5	10.0.1.5
1774860971364073402	933218567	12	5	10.0.1.5
1774860971364626360	2889841059	12	5	10.0.1.5
1774860971365101655	1564538605	12	5	10.0.1.5
1774860971379465959	1753606377	12	2	10.0.1.2
1774860971379745292	4119844090	12	2	10.0.1.2
1774860971381484054	3909572108	12	2	10.0.1.2
1774860971382237225	704937175	12	2	10.0.1.2
1774860971383064272	599416365	12	2	10.0.1.2
1774860971383691983	3241424006	12	2	10.0.1.2
1774860971384151389	858302800	12	2	10.0.1.2
1774860971384665505	2858622573	12	2	10.0.1.2
1774860971384996673	2016996413	12	2	10.0.1.2
1774860971385638783	2708439015	12	2	10.0.1.2
1774860971449347568	414743068	12	3	10.0.1.3
1774860971451756075	3606737687	12	3	10.0.1.3
1774860971452748127	2107002899	12	3	10.0.1.3
1774860971454242714	2206755353	12	3	10.0.1.3
1774860971455276332	2083919442	12	3	10.0.1.3
1774860971455984797	477672769	12	1	10.0.1.1
1774860971457531498	988493675	12	4	10.0.1.4
1774860971458082453	2576063033	12	1	10.0.1.1
1774860971459152551	3394290607	12	3	10.0.1.3
1774860971460805052	2067026700	12	3	10.0.1.3
1774860971465093966	570084675	12	3	10.0.1.3
1774860971465564961	50818990	12	4	10.0.1.4
1774860971466454932	2229640354	12	3	10.0.1.3
1774860971466850752	3564894126	12	4	10.0.1.4
1774860971467375116	1707991444	12	1	10.0.1.1
1774860971468162044	3003182825	12	4	10.0.1.4
1774860971472336733	2296563577	12	1	10.0.1.1
1774860971473033454	3959232199	12	4	10.0.1.4
1774860971474602075	1377571547	12	1	10.0.1.1
1774860971479269604	232792703	12	4	10.0.1.4
1774860971479591483	4030909294	12	1	10.0.1.1
1774860971480818094	3836325298	12	4	10.0.1.4
1774860971482591284	3428610663	12	1	10.0.1.1
1774860971489558401	2898369394	13	5	10.0.1.5
1774860971490503828	655392398	13	5	10.0.1.5
1774860971491326575	4018635622	13	5	10.0.1.5
1774860971491816301	488757598	13	5	10.0.1.5
1774860971492425296	2626208332	13	5	10.0.1.5
1774860971493167912	2745779158	13	5	10.0.1.5
1774860971493900116	1856183813	13	5	10.0.1.5
1774860971494777825	2076378537	13	5	10.0.1.5
1774860971495630111	3808189964	13	5	10.0.1.5
1774860971496388983	2901564217	13	5	10.0.1.5
1774860971497264088	1151514516	13	5	10.0.1.5
1774860971497711379	247694516	13	5	10.0.1.5
1774860971498181035	383471470	13	5	10.0.1.5
1774860971498660940	4259642430	13	5	10.0.1.5
1774860971499298560	933218567	13	5	10.0.1.5
1774860971499649003	2889841059	13	5	10.0.1.5
1774860971500099980	1564538605	13	5	10.0.1.5
1774860971596529326	1753606377	13	2	10.0.1.2
1774860971596794373	4119844090	13	2	10.0.1.2
1774860971597667885	3909572108	13	2	10.0.1.2
1774860971598890469	704937175	13	2	10.0.1.2
1774860971599568778	599416365	13	2	10.0.1.2
1774860971600330086	3241424006	13	2	10.0.1.2
1774860971600774395	858302800	13	2	10.0.1.2
1774860971601010153	2858622573	13	2	10.0.1.2
1774860971601359979	2016996413	13	2	10.0.1.2
1774860971601802469	2708439015	13	2	10.0.1.2
1774860971614768660	414743068	13	3	10.0.1.3
1774860971616053528	3606737687	13	3	10.0.1.3
1774860971616427915	988493675	13	4	10.0.1.4
1774860971617030880	477672769	13	1	10.0.1.1
1774860971618648422	2107002899	13	3	10.0.1.3
1774860971619465127	2576063033	13	1	10.0.1.1
1774860971620537872	50818990	13	4	10.0.1.4
1774860971621205530	3564894126	13	4	10.0.1.4
1774860971622175729	3003182825	13	4	10.0.1.4
1774860971623145915	2206755353	13	3	10.0.1.3
1774860971624385245	2083919442	13	3	10.0.1.3
1774860971625554141	3959232199	13	4	10.0.1.4
1774860971626079795	1707991444	13	1	10.0.1.1
1774860971629323377	3394290607	13	3	10.0.1.3
1774860971630584541	2229640354	13	4	10.0.1.4
1774860971631153778	2067026700	13	3	10.0.1.3
1774860971632177155	232792703	13	4	10.0.1.4
1774860971632614543	2898369394	14	5	10.0.1.5
1774860971633101340	2296563577	13	1	10.0.1.1
1774860971633475214	570084675	13	3	10.0.1.3
1774860971633985994	655392398	14	5	10.0.1.5
1774860971634746352	3836325298	13	4	10.0.1.4
1774860971635180592	4018635622	14	5	10.0.1.5
1774860971635626142	1377571547	13	1	10.0.1.1
1774860971636654158	488757598	14	5	10.0.1.5
1774860971637730439	2626208332	14	5	10.0.1.5
1774860971638471740	2745779158	14	5	10.0.1.5
1774860971639060269	1856183813	14	5	10.0.1.5
1774860971640158544	2076378537	14	5	10.0.1.5
1774860971640465751	4030909294	13	1	10.0.1.1
1774860971640951045	3808189964	14	5	10.0.1.5
1774860971641841991	2901564217	14	5	10.0.1.5
1774860971643050456	1151514516	14	5	10.0.1.5
1774860971644124698	247694516	14	5	10.0.1.5
1774860971644952542	3428610663	13	1	10.0.1.1
1774860971645430338	383471470	14	5	10.0.1.5
1774860971646981207	4259642430	14	5	10.0.1.5
1774860971647565764	933218567	14	5	10.0.1.5
1774860971648277386	2889841059	14	5	10.0.1.5
1774860971648637324	1564538605	14	5	10.0.1.5
1774860971732434976	1753606377	14	2	10.0.1.2
1774860971733698655	4119844090	14	2	10.0.1.2
1774860971737617555	3909572108	14	2	10.0.1.2
1774860971739044827	704937175	14	2	10.0.1.2
1774860971739753542	599416365	14	2	10.0.1.2
1774860971740747204	3241424006	14	2	10.0.1.2
1774860971741175358	858302800	14	2	10.0.1.2
1774860971742504072	2858622573	14	2	10.0.1.2
1774860971742959504	2016996413	14	2	10.0.1.2
1774860971744326517	2708439015	14	2	10.0.1.2
1774860971757886889	988493675	14	4	10.0.1.4
1774860971761005459	2898369394	15	5	10.0.1.5
1774860971761336464	50818990	14	4	10.0.1.4
1774860971762435263	3564894126	14	4	10.0.1.4
1774860971763703573	655392398	15	5	10.0.1.5
1774860971765705800	3003182825	14	4	10.0.1.4
1774860971765972503	414743068	14	3	10.0.1.3
1774860971767356265	4018635622	15	5	10.0.1.5
1774860971769050751	488757598	15	5	10.0.1.5
1774860971771048421	3606737687	14	4	10.0.1.4
1774860971771398185	2626208332	15	5	10.0.1.5
1774860971772241080	2107002899	14	4	10.0.1.4
1774860971772765036	2745779158	15	5	10.0.1.5
1774860971773386466	3959232199	14	4	10.0.1.4
1774860971775300149	1856183813	15	5	10.0.1.5
1774860971776211087	2083919442	14	4	10.0.1.4
1774860971776832505	2206755353	14	3	10.0.1.3
1774860971777874923	2229640354	14	4	10.0.1.4
1774860971778295184	2076378537	15	5	10.0.1.5
1774860971779165955	232792703	14	4	10.0.1.4
1774860971779771569	3808189964	15	5	10.0.1.5
1774860971780354238	3394290607	14	3	10.0.1.3
1774860971781058434	2901564217	15	5	10.0.1.5
1774860971781755168	2067026700	14	3	10.0.1.3
1774860971782641748	3836325298	14	4	10.0.1.4
1774860971783079389	570084675	14	3	10.0.1.3
1774860971783655143	1151514516	15	5	10.0.1.5
1774860971784822264	247694516	15	5	10.0.1.5
1774860971785695422	383471470	15	5	10.0.1.5
1774860971786187489	4259642430	15	5	10.0.1.5
1774860971786722692	933218567	15	5	10.0.1.5
1774860971787162528	2889841059	15	5	10.0.1.5
1774860971787457482	1564538605	15	5	10.0.1.5
1774860971788003401	477672769	14	1	10.0.1.1
1774860971788341784	2576063033	14	1	10.0.1.1
1774860971790155657	1707991444	14	1	10.0.1.1
1774860971791702177	2296563577	14	1	10.0.1.1
1774860971792634356	1377571547	14	1	10.0.1.1
1774860971794237259	4030909294	14	1	10.0.1.1
1774860971796208675	3428610663	14	1	10.0.1.1
1774860971885329697	1753606377	15	2	10.0.1.2
1774860971886423393	4119844090	15	2	10.0.1.2
1774860971887745524	3909572108	15	2	10.0.1.2
1774860971888417628	704937175	15	2	10.0.1.2
1774860971889277985	599416365	15	2	10.0.1.2
1774860971889966472	3241424006	15	2	10.0.1.2
1774860971890769890	858302800	15	2	10.0.1.2
1774860971891472738	2858622573	15	2	10.0.1.2
1774860971891908465	2016996413	15	2	10.0.1.2
1774860971892483475	2708439015	15	2	10.0.1.2
1774860971902275896	988493675	15	4	10.0.1.4
1774860971903133345	2898369394	16	5	10.0.1.5
1774860971904772265	655392398	16	5	10.0.1.5
1774860971906634859	4018635622	16	5	10.0.1.5
1774860971907996474	488757598	16	5	10.0.1.5
1774860971909282655	50818990	15	4	10.0.1.4
1774860971910026507	2626208332	16	5	10.0.1.5
1774860971911002722	414743068	15	3	10.0.1.3
1774860971911681953	3564894126	15	4	10.0.1.4
1774860971912304589	2745779158	16	5	10.0.1.5
1774860971913259020	3003182825	15	4	10.0.1.4
1774860971914317283	1856183813	16	5	10.0.1.5
1774860971915413562	2076378537	16	5	10.0.1.5
1774860971916771466	3808189964	16	5	10.0.1.5
1774860971917295810	3606737687	15	3	10.0.1.3
1774860971917798908	2901564217	16	5	10.0.1.5
1774860971918470109	2107002899	15	3	10.0.1.3
1774860971919466454	1151514516	16	5	10.0.1.5
1774860971920278111	3959232199	15	4	10.0.1.4
1774860971920838368	247694516	16	5	10.0.1.5
1774860971921853261	383471470	16	5	10.0.1.5
1774860971922414470	2206755353	15	3	10.0.1.3
1774860971923419289	4259642430	16	5	10.0.1.5
1774860971924072124	2083919442	15	3	10.0.1.3
1774860971924796996	933218567	16	5	10.0.1.5
1774860971926024396	2889841059	16	5	10.0.1.5
1774860971926637930	477672769	15	1	10.0.1.1
1774860971927033758	3394290607	15	3	10.0.1.3
1774860971927353746	2229640354	15	4	10.0.1.4
1774860971927794847	1564538605	16	5	10.0.1.5
1774860971928434634	2576063033	15	1	10.0.1.1
1774860971929253218	2067026700	15	3	10.0.1.3
1774860971929759654	232792703	15	4	10.0.1.4
1774860971931248560	570084675	15	3	10.0.1.3
1774860971932625339	3836325298	15	4	10.0.1.4
1774860971933705484	1707991444	15	1	10.0.1.1
1774860971935617626	2296563577	15	1	10.0.1.1
1774860971936327066	1377571547	15	1	10.0.1.1
1774860971938010792	4030909294	15	1	10.0.1.1
1774860971939944786	3428610663	15	1	10.0.1.1
1774860972022812202	1753606377	16	2	10.0.1.2
1774860972024399472	4119844090	16	2	10.0.1.2
1774860972026246386	3909572108	16	2	10.0.1.2
1774860972027729115	704937175	16	2	10.0.1.2
1774860972028481641	599416365	16	2	10.0.1.2
1774860972029060978	3241424006	16	2	10.0.1.2
1774860972029649781	858302800	16	2	10.0.1.2
1774860972030642678	2858622573	16	2	10.0.1.2
1774860972031005284	2016996413	16	2	10.0.1.2
1774860972033130261	2708439015	16	2	10.0.1.2
1774860972033582399	988493675	16	4	10.0.1.4
1774860972036706065	414743068	16	3	10.0.1.3
1774860972038312880	50818990	16	4	10.0.1.4
1774860972038532395	3564894126	16	4	10.0.1.4
1774860972039257750	3003182825	16	4	10.0.1.4
1774860972040782027	3606737687	16	4	10.0.1.4
1774860972041644309	2107002899	16	4	10.0.1.4
1774860972042675436	3959232199	16	4	10.0.1.4
1774860972044428846	2206755353	16	3	10.0.1.3
1774860972045049815	2083919442	16	3	10.0.1.3
1774860972046490797	3394290607	16	3	10.0.1.3
1774860972047366988	2067026700	16	3	10.0.1.3
1774860972048032320	2229640354	16	4	10.0.1.4
1774860972048735643	570084675	16	3	10.0.1.3
1774860972049255536	232792703	16	4	10.0.1.4
1774860972051485151	3836325298	16	4	10.0.1.4
1774860972051982592	2898369394	17	5	10.0.1.5
1774860972052570931	655392398	17	5	10.0.1.5
1774860972053088745	477672769	16	1	10.0.1.1
1774860972053585420	4018635622	17	5	10.0.1.5
1774860972054135505	2576063033	16	1	10.0.1.1
1774860972054626744	488757598	17	5	10.0.1.5
1774860972055124513	2626208332	17	5	10.0.1.5
1774860972055957620	2745779158	17	5	10.0.1.5
1774860972056502590	1856183813	17	5	10.0.1.5
1774860972057378876	2076378537	17	5	10.0.1.5
1774860972057966920	3808189964	17	5	10.0.1.5
1774860972058709829	2901564217	17	5	10.0.1.5
1774860972059190222	1151514516	17	5	10.0.1.5
1774860972059981595	247694516	17	5	10.0.1.5
1774860972060524305	383471470	17	5	10.0.1.5
1774860972060918265	1707991444	16	1	10.0.1.1
1774860972061609740	4259642430	17	5	10.0.1.5
1774860972062555605	933218567	17	5	10.0.1.5
1774860972063943358	2889841059	17	5	10.0.1.5
1774860972065312755	1564538605	17	5	10.0.1.5
1774860972066549004	2296563577	16	1	10.0.1.1
1774860972067449703	1377571547	16	1	10.0.1.1
1774860972069198246	4030909294	16	1	10.0.1.1
1774860972071112091	3428610663	16	1	10.0.1.1
1774860972152413569	1753606377	17	2	10.0.1.2
1774860972152786012	4119844090	17	2	10.0.1.2
1774860972153914607	3909572108	17	2	10.0.1.2
1774860972154721348	704937175	17	2	10.0.1.2
1774860972155681349	599416365	17	2	10.0.1.2
1774860972156071532	3241424006	17	2	10.0.1.2
1774860972156515824	858302800	17	2	10.0.1.2
1774860972156946413	2858622573	17	2	10.0.1.2
1774860972157385207	2016996413	17	2	10.0.1.2
1774860972157878464	2708439015	17	2	10.0.1.2
1774860972164046309	988493675	17	4	10.0.1.4
1774860972166178602	50818990	17	4	10.0.1.4
1774860972166825392	3564894126	17	4	10.0.1.4
1774860972167823936	3003182825	17	4	10.0.1.4
1774860972172302783	3606737687	17	4	10.0.1.4
1774860972172692586	2107002899	17	4	10.0.1.4
1774860972173094613	3959232199	17	4	10.0.1.4
1774860972174537094	2083919442	17	4	10.0.1.4
1774860972175378939	2229640354	17	4	10.0.1.4
1774860972175853408	232792703	17	4	10.0.1.4
1774860972177817058	3836325298	17	4	10.0.1.4
1774860972178652974	414743068	17	3	10.0.1.3
1774860972181302559	2206755353	17	3	10.0.1.3
1774860972182622840	3394290607	17	3	10.0.1.3
1774860972183070127	2067026700	17	3	10.0.1.3
1774860972184664781	570084675	17	3	10.0.1.3
1774860972186205032	2898369394	18	5	10.0.1.5
1774860972186702373	655392398	18	5	10.0.1.5
1774860972187096970	4018635622	18	5	10.0.1.5
1774860972187604951	488757598	18	5	10.0.1.5
1774860972187996547	2626208332	18	5	10.0.1.5
1774860972188481675	2745779158	18	5	10.0.1.5
1774860972189362927	1856183813	18	5	10.0.1.5
1774860972189880073	2076378537	18	5	10.0.1.5
1774860972190334528	3808189964	18	5	10.0.1.5
1774860972190610588	2901564217	18	5	10.0.1.5
1774860972191338355	1151514516	18	5	10.0.1.5
1774860972191691135	247694516	18	5	10.0.1.5
1774860972192406396	383471470	18	5	10.0.1.5
1774860972192623523	4259642430	18	5	10.0.1.5
1774860972193388357	933218567	18	5	10.0.1.5
1774860972193801976	2889841059	18	5	10.0.1.5
1774860972194622479	1564538605	18	5	10.0.1.5
1774860972195199109	477672769	17	1	10.0.1.1
1774860972195501494	2576063033	17	1	10.0.1.1
1774860972197365446	1707991444	17	1	10.0.1.1
1774860972199268260	2296563577	17	1	10.0.1.1
1774860972200793533	1377571547	17	1	10.0.1.1
1774860972202259298	4030909294	17	1	10.0.1.1
1774860972204254995	3428610663	17	1	10.0.1.1
1774860972283576020	1753606377	18	2	10.0.1.2
1774860972284558727	4119844090	18	2	10.0.1.2
1774860972285524397	3909572108	18	2	10.0.1.2
1774860972287637853	704937175	18	2	10.0.1.2
1774860972288298622	599416365	18	2	10.0.1.2
1774860972290274384	3241424006	18	2	10.0.1.2
1774860972292025950	858302800	18	2	10.0.1.2
1774860972292496853	2858622573	18	2	10.0.1.2
1774860972293057846	2016996413	18	2	10.0.1.2
1774860972293368109	2708439015	18	2	10.0.1.2
1774860972294107147	988493675	18	4	10.0.1.4
1774860972294393163	50818990	18	4	10.0.1.4
1774860972295173769	3564894126	18	4	10.0.1.4
1774860972295880319	3003182825	18	4	10.0.1.4
1774860972297124920	3606737687	18	4	10.0.1.4
1774860972298399392	2107002899	18	4	10.0.1.4
1774860972298605875	3959232199	18	4	10.0.1.4
1774860972299225506	1151514516	18	4	10.0.1.4
1774860972299953700	2858622573	18	4	10.0.1.4
1774860972300864780	2083919442	18	4	10.0.1.4
1774860972301096057	383471470	18	4	10.0.1.4
1774860972302872584	2229640354	18	4	10.0.1.4
1774860972303599989	232792703	18	4	10.0.1.4
1774860972304781483	2889841059	18	4	10.0.1.4
1774860972305586025	1564538605	18	4	10.0.1.4
1774860972311273115	3836325298	18	4	10.0.1.4
1774860972311860201	2898369394	19	5	10.0.1.5
1774860972313257291	655392398	19	5	10.0.1.5
1774860972313617952	4018635622	19	5	10.0.1.5
1774860972314081784	488757598	19	5	10.0.1.5
1774860972314511723	2626208332	19	5	10.0.1.5
1774860972314914779	2745779158	19	5	10.0.1.5
1774860972315205663	1856183813	19	5	10.0.1.5
1774860972315459195	2076378537	19	5	10.0.1.5
1774860972315797135	3808189964	19	5	10.0.1.5
1774860972316189721	2901564217	19	5	10.0.1.5
1774860972316532645	1151514516	19	5	10.0.1.5
1774860972316798167	247694516	19	5	10.0.1.5
1774860972317122799	383471470	19	5	10.0.1.5
1774860972317445840	4259642430	19	5	10.0.1.5
1774860972317711740	933218567	19	5	10.0.1.5
1774860972318006328	2889841059	19	5	10.0.1.5
1774860972318272108	1564538605	19	5	10.0.1.5
1774860972318505718	2898369394	18	3	10.0.1.3
1774860972318846035	655392398	18	3	10.0.1.3
1774860972319237202	4018635622	18	3	10.0.1.3
1774860972319533060	2626208332	18	3	10.0.1.3
1774860972319845719	414743068	18	3	10.0.1.3
1774860972320142182	704937175	18	3	10.0.1.3
1774860972320388228	2745779158	18	3	10.0.1.3
1774860972320675331	3808189964	18	3	10.0.1.3
1774860972321028332	3606737687	18	3	10.0.1.3
1774860972322283366	2206755353	18	3	10.0.1.3
1774860972323168945	2708439015	18	3	10.0.1.3
1774860972323611767	3394290607	18	3	10.0.1.3
1774860972324490903	2067026700	18	3	10.0.1.3
1774860972325040846	4259642430	18	3	10.0.1.3
1774860972325849641	570084675	18	3	10.0.1.3
1774860972327306365	477672769	18	1	10.0.1.1
1774860972328008768	2576063033	18	1	10.0.1.1
1774860972328389948	4119844090	18	1	10.0.1.1
1774860972329079585	988493675	18	1	10.0.1.1
1774860972330281360	1707991444	18	1	10.0.1.1
1774860972332062450	2296563577	18	1	10.0.1.1
1774860972333194901	599416365	18	1	10.0.1.1
1774860972334187461	1377571547	18	1	10.0.1.1
1774860972336292476	2016996413	18	1	10.0.1.1
1774860972337031426	247694516	18	1	10.0.1.1
1774860972337883421	4030909294	18	1	10.0.1.1
1774860972340326288	3428610663	18	1	10.0.1.1
1774860972341224932	933218567	18	1	10.0.1.1
1774860972427923695	1753606377	19	2	10.0.1.2
1774860972429188016	4119844090	19	2	10.0.1.2
1774860972430511171	3909572108	19	2	10.0.1.2
1774860972431615519	704937175	19	2	10.0.1.2
1774860972432223931	599416365	19	2	10.0.1.2
1774860972433609895	3241424006	19	2	10.0.1.2
1774860972434554676	858302800	19	2	10.0.1.2
1774860972435288292	2858622573	19	2	10.0.1.2
1774860972435679007	2016996413	19	2	10.0.1.2
1774860972436327496	2708439015	19	2	10.0.1.2
1774860972437423501	988493675	19	4	10.0.1.4
1774860972438672513	50818990	19	4	10.0.1.4
1774860972439320841	3564894126	19	4	10.0.1.4
1774860972440069377	3003182825	19	4	10.0.1.4
1774860972441081102	3606737687	19	4	10.0.1.4
1774860972441785802	2107002899	19	4	10.0.1.4
1774860972442040236	3959232199	19	4	10.0.1.4
1774860972442966447	2083919442	19	4	10.0.1.4
1774860972444286155	2229640354	19	4	10.0.1.4
1774860972444651277	232792703	19	4	10.0.1.4
1774860972445577846	3836325298	19	4	10.0.1.4
1774860972447858606	414743068	19	3	10.0.1.3
1774860972451314289	2206755353	19	3	10.0.1.3
1774860972451762354	3394290607	19	3	10.0.1.3
1774860972452210787	2067026700	19	3	10.0.1.3
1774860972452964079	570084675	19	3	10.0.1.3
1774860972466267884	477672769	19	1	10.0.1.1
1774860972467206668	2576063033	19	1	10.0.1.1
1774860972470503218	1707991444	19	1	10.0.1.1
1774860972473074050	2296563577	19	1	10.0.1.1
1774860972474571811	1377571547	19	1	10.0.1.1
1774860972480105559	4030909294	19	1	10.0.1.1
1774860972483569117	3428610663	19	1	10.0.1.1
