timestamp_ns	dev_addr	fcnt	gw_id	src_ip	tenant_id
1776140297436650151	1955158624	0	3	10.0.1.3	1
1776140297446828835	1870314309	0	3	10.0.1.3	1
1776140297447278862	2082966362	0	3	10.0.1.3	1
1776140297454303907	172475835	0	3	10.0.1.3	1
1776140297461074614	1448171685	0	3	10.0.1.3	1
1776140297468394281	1047859235	0	3	10.0.1.3	1
1776140297471740787	1161823047	0	3	10.0.1.3	1
1776140297477132299	1511594041	0	3	10.0.1.3	1
1776140297481468017	357265650	0	3	10.0.1.3	1
1776140297481733579	62163760	0	3	10.0.1.3	1
1776140297481961918	120515122	0	3	10.0.1.3	1
1776140297482270319	524410000	0	3	10.0.1.3	1
1776140297483640375	1467020342	0	3	10.0.1.3	1
1776140297487601973	498620881	0	3	10.0.1.3	1
1776140297509353689	504165263	0	10	10.0.1.10	1
1776140297512379503	1469736883	0	10	10.0.1.10	1
1776140297513534243	488523065	0	10	10.0.1.10	1
1776140297513888836	1632881477	0	10	10.0.1.10	1
1776140297524418836	884874386	0	10	10.0.1.10	1
1776140297526371563	1068732279	0	10	10.0.1.10	1
1776140297527202132	1252320409	0	10	10.0.1.10	1
1776140297529019089	986920129	0	10	10.0.1.10	1
1776140297533845259	32958717	0	4	10.0.1.4	1
1776140297536257965	160692447	0	4	10.0.1.4	1
1776140297537963971	1678312776	0	4	10.0.1.4	1
1776140297539059783	569132089	0	4	10.0.1.4	1
1776140297539875047	853588939	0	4	10.0.1.4	1
1776140297542104039	1145945195	0	4	10.0.1.4	1
1776140297545176514	194088143	0	4	10.0.1.4	1
1776140297545579456	2100964273	0	4	10.0.1.4	1
1776140297546558778	215837656	0	4	10.0.1.4	1
1776140297547481681	696589296	0	4	10.0.1.4	1
1776140297548349590	924892836	0	4	10.0.1.4	1
1776140297551244714	386669227	0	4	10.0.1.4	1
1776140297551948209	1308873641	0	4	10.0.1.4	1
1776140297552694923	821507630	0	4	10.0.1.4	1
1776140297556574780	214129242	0	2	10.0.1.2	1
1776140297569726854	1346040980	0	2	10.0.1.2	1
1776140297570232648	1338439372	0	1	10.0.1.1	1
1776140297573168735	1325984103	0	2	10.0.1.2	1
1776140297573651707	705589223	0	5	10.0.1.5	1
1776140297576739055	2048999174	0	5	10.0.1.5	1
1776140297582329078	1905760050	0	5	10.0.1.5	1
1776140297588271485	617141710	0	5	10.0.1.5	1
1776140297591551735	643098500	0	1	10.0.1.1	1
1776140297592606509	375958582	0	2	10.0.1.2	1
1776140297594645232	769794169	0	1	10.0.1.1	1
1776140297596281021	1464155146	0	1	10.0.1.1	1
1776140297605690772	1955158624	1	3	10.0.1.3	1
1776140297607459621	1870314309	1	3	10.0.1.3	1
1776140297608000857	2082966362	1	3	10.0.1.3	1
1776140297610755008	172475835	1	3	10.0.1.3	1
1776140297611241410	1448171685	1	3	10.0.1.3	1
1776140297612552556	1047859235	1	3	10.0.1.3	1
1776140297612982687	1161823047	1	3	10.0.1.3	1
1776140297616472256	1511594041	1	3	10.0.1.3	1
1776140297616928714	357265650	1	3	10.0.1.3	1
1776140297617358638	62163760	1	3	10.0.1.3	1
1776140297617796415	120515122	1	3	10.0.1.3	1
1776140297618224061	524410000	1	3	10.0.1.3	1
1776140297620102254	1467020342	1	3	10.0.1.3	1
1776140297622373168	498620881	1	3	10.0.1.3	1
1776140297638717117	504165263	1	10	10.0.1.10	1
1776140297639288327	1469736883	1	10	10.0.1.10	1
1776140297640105077	488523065	1	10	10.0.1.10	1
1776140297641590923	1632881477	1	10	10.0.1.10	1
1776140297644046249	1369889763	0	9	10.0.1.9	1
1776140297646926337	884874386	1	10	10.0.1.10	1
1776140297647598567	1068732279	1	10	10.0.1.10	1
1776140297648070607	1252320409	1	10	10.0.1.10	1
1776140297649017939	986920129	1	10	10.0.1.10	1
1776140297674494413	309571400	0	6	10.0.1.6	1
1776140297687032926	32958717	1	4	10.0.1.4	1
1776140297687574001	160692447	1	4	10.0.1.4	1
1776140297688300888	1678312776	1	4	10.0.1.4	1
1776140297688704685	569132089	1	4	10.0.1.4	1
1776140297689169513	853588939	1	4	10.0.1.4	1
1776140297690359211	1145945195	1	4	10.0.1.4	1
1776140297692156846	194088143	1	4	10.0.1.4	1
1776140297692533129	2100964273	1	4	10.0.1.4	1
1776140297693301914	215837656	1	4	10.0.1.4	1
1776140297694322164	696589296	1	4	10.0.1.4	1
1776140297694959266	924892836	1	4	10.0.1.4	1
1776140297696449617	386669227	1	4	10.0.1.4	1
1776140297696644523	1308873641	1	4	10.0.1.4	1
1776140297696969041	821507630	1	4	10.0.1.4	1
1776140297699702098	214129242	1	2	10.0.1.2	1
1776140297706074855	1346040980	1	2	10.0.1.2	1
1776140297707085009	1325984103	1	2	10.0.1.2	1
1776140297714196808	375958582	1	2	10.0.1.2	1
1776140297719095847	1338439372	1	1	10.0.1.1	1
1776140297721999189	705589223	1	1	10.0.1.1	1
1776140297728087867	2048999174	1	5	10.0.1.5	1
1776140297730227386	1905760050	1	5	10.0.1.5	1
1776140297730830706	617141710	1	1	10.0.1.1	1
1776140297731427652	643098500	1	1	10.0.1.1	1
1776140297733628465	769794169	1	1	10.0.1.1	1
1776140297734244868	1464155146	1	1	10.0.1.1	1
1776140297747163262	1955158624	2	3	10.0.1.3	1
1776140297749315847	1870314309	2	3	10.0.1.3	1
1776140297750476164	2082966362	2	3	10.0.1.3	1
1776140297750939975	172475835	2	3	10.0.1.3	1
1776140297751341478	1448171685	2	3	10.0.1.3	1
1776140297751837572	1047859235	2	3	10.0.1.3	1
1776140297752457417	1161823047	2	3	10.0.1.3	1
1776140297754239582	1511594041	2	3	10.0.1.3	1
1776140297754646571	357265650	2	3	10.0.1.3	1
1776140297755271555	62163760	2	3	10.0.1.3	1
1776140297755551947	120515122	2	3	10.0.1.3	1
1776140297755946948	524410000	2	3	10.0.1.3	1
1776140297757064614	1467020342	2	3	10.0.1.3	1
1776140297757873948	498620881	2	3	10.0.1.3	1
1776140297769304059	1369889763	1	9	10.0.1.9	1
1776140297776622973	504165263	2	10	10.0.1.10	1
1776140297777250934	1469736883	2	10	10.0.1.10	1
1776140297778094741	488523065	2	10	10.0.1.10	1
1776140297778530181	1632881477	2	10	10.0.1.10	1
1776140297784674211	884874386	2	10	10.0.1.10	1
1776140297785458302	1068732279	2	10	10.0.1.10	1
1776140297786681454	1252320409	2	10	10.0.1.10	1
1776140297788257131	986920129	2	10	10.0.1.10	1
1776140297806569849	309571400	1	6	10.0.1.6	1
1776140297817825315	32958717	2	4	10.0.1.4	1
1776140297818584579	160692447	2	4	10.0.1.4	1
1776140297819343112	1678312776	2	4	10.0.1.4	1
1776140297819779312	569132089	2	4	10.0.1.4	1
1776140297820162810	853588939	2	4	10.0.1.4	1
1776140297821360926	1145945195	2	4	10.0.1.4	1
1776140297823926108	214129242	2	2	10.0.1.2	1
1776140297824778913	194088143	2	4	10.0.1.4	1
1776140297827258090	2100964273	2	4	10.0.1.4	1
1776140297829160085	215837656	2	4	10.0.1.4	1
1776140297831104420	696589296	2	4	10.0.1.4	1
1776140297833160821	924892836	2	4	10.0.1.4	1
1776140297835249110	386669227	2	4	10.0.1.4	1
1776140297836090182	1308873641	2	4	10.0.1.4	1
1776140297839635934	821507630	2	4	10.0.1.4	1
1776140297842436677	1346040980	2	2	10.0.1.2	1
1776140297845578853	1325984103	2	2	10.0.1.2	1
1776140297851941964	375958582	2	2	10.0.1.2	1
1776140297855037816	1338439372	2	1	10.0.1.1	1
1776140297856598975	705589223	2	1	10.0.1.1	1
1776140297864098041	617141710	2	1	10.0.1.1	1
1776140297864412217	643098500	2	1	10.0.1.1	1
1776140297864617300	769794169	2	1	10.0.1.1	1
1776140297865240188	1464155146	2	1	10.0.1.1	1
1776140297871565564	2048999174	2	5	10.0.1.5	1
1776140297873127163	1905760050	2	5	10.0.1.5	1
1776140297888177407	1955158624	3	3	10.0.1.3	1
1776140297888978567	1870314309	3	3	10.0.1.3	1
1776140297889305074	2082966362	3	3	10.0.1.3	1
1776140297890633878	172475835	3	3	10.0.1.3	1
1776140297891044060	1448171685	3	3	10.0.1.3	1
1776140297891918608	1047859235	3	3	10.0.1.3	1
1776140297892343378	1161823047	3	3	10.0.1.3	1
1776140297894614508	1511594041	3	3	10.0.1.3	1
1776140297895040629	357265650	3	3	10.0.1.3	1
1776140297895473977	62163760	3	3	10.0.1.3	1
1776140297895955770	120515122	3	3	10.0.1.3	1
1776140297896398809	524410000	3	3	10.0.1.3	1
1776140297897798388	1467020342	3	3	10.0.1.3	1
1776140297898631493	498620881	3	3	10.0.1.3	1
1776140297918643450	1369889763	2	9	10.0.1.9	1
1776140297928193665	504165263	3	10	10.0.1.10	1
1776140297928473756	1469736883	3	10	10.0.1.10	1
1776140297928663557	488523065	3	10	10.0.1.10	1
1776140297928908782	1632881477	3	10	10.0.1.10	1
1776140297934417120	884874386	3	10	10.0.1.10	1
1776140297934631805	1068732279	3	10	10.0.1.10	1
1776140297934834597	1252320409	3	10	10.0.1.10	1
1776140297935065271	986920129	3	10	10.0.1.10	1
1776140297946318551	309571400	2	6	10.0.1.6	1
1776140297958099642	214129242	3	2	10.0.1.2	1
1776140297959169914	32958717	3	4	10.0.1.4	1
1776140297961249801	160692447	3	4	10.0.1.4	1
1776140297962278898	1678312776	3	4	10.0.1.4	1
1776140297963157423	569132089	3	4	10.0.1.4	1
1776140297964265748	853588939	3	4	10.0.1.4	1
1776140297966710908	1145945195	3	4	10.0.1.4	1
1776140297968742354	1346040980	3	2	10.0.1.2	1
1776140297970709489	194088143	3	4	10.0.1.4	1
1776140297971213122	1325984103	3	2	10.0.1.2	1
1776140297971671399	2100964273	3	4	10.0.1.4	1
1776140297973623844	215837656	3	4	10.0.1.4	1
1776140297975219273	696589296	3	4	10.0.1.4	1
1776140297977650541	924892836	3	4	10.0.1.4	1
1776140297978768423	386669227	3	4	10.0.1.4	1
1776140297979157368	1308873641	3	4	10.0.1.4	1
1776140297979492942	821507630	3	4	10.0.1.4	1
1776140297985374667	375958582	3	2	10.0.1.2	1
1776140297988564542	1338439372	3	1	10.0.1.1	1
1776140297990259186	705589223	3	1	10.0.1.1	1
1776140297994447948	617141710	3	1	10.0.1.1	1
1776140297994900176	643098500	3	1	10.0.1.1	1
1776140297996258242	769794169	3	1	10.0.1.1	1
1776140297997481142	1464155146	3	1	10.0.1.1	1
1776140297999167507	1955158624	4	3	10.0.1.3	1
1776140298000460148	1870314309	4	3	10.0.1.3	1
1776140298001903550	2082966362	4	3	10.0.1.3	1
1776140298004463860	172475835	4	3	10.0.1.3	1
1776140298005012923	1448171685	4	3	10.0.1.3	1
1776140298006460641	1047859235	4	3	10.0.1.3	1
1776140298007128968	1161823047	4	3	10.0.1.3	1
1776140298011346695	1511594041	4	3	10.0.1.3	1
1776140298011649546	2048999174	3	5	10.0.1.5	1
1776140298012204836	357265650	4	3	10.0.1.3	1
1776140298012567332	62163760	4	3	10.0.1.3	1
1776140298013382510	120515122	4	3	10.0.1.3	1
1776140298014348651	524410000	4	3	10.0.1.3	1
1776140298015226132	1905760050	3	5	10.0.1.5	1
1776140298016228073	1467020342	4	3	10.0.1.3	1
1776140298018240519	498620881	4	3	10.0.1.3	1
1776140298053515033	1369889763	3	9	10.0.1.9	1
1776140298058710358	504165263	4	10	10.0.1.10	1
1776140298059384075	1469736883	4	10	10.0.1.10	1
1776140298059824519	488523065	4	10	10.0.1.10	1
1776140298060151919	1632881477	4	10	10.0.1.10	1
1776140298065445047	884874386	4	10	10.0.1.10	1
1776140298066356894	1068732279	4	10	10.0.1.10	1
1776140298068439306	1252320409	4	10	10.0.1.10	1
1776140298069436760	986920129	4	10	10.0.1.10	1
1776140298085722208	309571400	3	6	10.0.1.6	1
1776140298099237461	214129242	4	2	10.0.1.2	1
1776140298101997562	160692447	4	2	10.0.1.2	1
1776140298105519905	1346040980	4	2	10.0.1.2	1
1776140298106961508	1325984103	4	2	10.0.1.2	1
1776140298108597318	2100964273	4	2	10.0.1.2	1
1776140298111830595	696589296	4	2	10.0.1.2	1
1776140298114973757	386669227	4	2	10.0.1.2	1
1776140298115342901	32958717	4	4	10.0.1.4	1
1776140298115784131	375958582	4	2	10.0.1.2	1
1776140298120703813	1678312776	4	4	10.0.1.4	1
1776140298120955993	569132089	4	4	10.0.1.4	1
1776140298121145916	853588939	4	4	10.0.1.4	1
1776140298121327055	1145945195	4	4	10.0.1.4	1
1776140298123239525	194088143	4	4	10.0.1.4	1
1776140298124812654	215837656	4	4	10.0.1.4	1
1776140298126786880	924892836	4	4	10.0.1.4	1
1776140298129477700	1308873641	4	4	10.0.1.4	1
1776140298130141399	821507630	4	4	10.0.1.4	1
1776140298139140259	1338439372	4	1	10.0.1.1	1
1776140298140710378	705589223	4	1	10.0.1.1	1
1776140298144706758	617141710	4	1	10.0.1.1	1
1776140298145145424	643098500	4	1	10.0.1.1	1
1776140298146307706	769794169	4	1	10.0.1.1	1
1776140298146764177	1464155146	4	1	10.0.1.1	1
1776140298149118020	1955158624	5	3	10.0.1.3	1
1776140298150053634	1870314309	5	3	10.0.1.3	1
1776140298150513038	2082966362	5	3	10.0.1.3	1
1776140298152411749	172475835	5	3	10.0.1.3	1
1776140298153190184	1448171685	5	3	10.0.1.3	1
1776140298154242222	1047859235	5	3	10.0.1.3	1
1776140298155042947	1161823047	5	3	10.0.1.3	1
1776140298157446176	1511594041	5	3	10.0.1.3	1
1776140298157902305	357265650	5	3	10.0.1.3	1
1776140298158312420	62163760	5	3	10.0.1.3	1
1776140298158819324	120515122	5	3	10.0.1.3	1
1776140298159365734	524410000	5	3	10.0.1.3	1
1776140298161164814	1467020342	5	3	10.0.1.3	1
1776140298162461573	498620881	5	3	10.0.1.3	1
1776140298178825793	2048999174	4	5	10.0.1.5	1
1776140298180062196	1905760050	4	5	10.0.1.5	1
1776140298203675139	1369889763	4	9	10.0.1.9	1
1776140298222711642	504165263	5	10	10.0.1.10	1
1776140298223219862	1469736883	5	10	10.0.1.10	1
1776140298223626763	488523065	5	10	10.0.1.10	1
1776140298224113271	1632881477	5	10	10.0.1.10	1
1776140298230533473	884874386	5	10	10.0.1.10	1
1776140298230810096	1068732279	5	10	10.0.1.10	1
1776140298231039187	1252320409	5	10	10.0.1.10	1
1776140298231253994	986920129	5	10	10.0.1.10	1
1776140298231645212	309571400	4	6	10.0.1.6	1
1776140298242974066	214129242	5	2	10.0.1.2	1
1776140298245340473	160692447	5	2	10.0.1.2	1
1776140298248174134	1346040980	5	2	10.0.1.2	1
1776140298249263134	1325984103	5	2	10.0.1.2	1
1776140298251522184	2100964273	5	2	10.0.1.2	1
1776140298257007377	696589296	5	2	10.0.1.2	1
1776140298261905300	386669227	5	2	10.0.1.2	1
1776140298262125351	375958582	5	2	10.0.1.2	1
1776140298262319723	32958717	5	4	10.0.1.4	1
1776140298262775884	1678312776	5	4	10.0.1.4	1
1776140298263493260	569132089	5	4	10.0.1.4	1
1776140298264046453	853588939	5	4	10.0.1.4	1
1776140298266244793	1145945195	5	4	10.0.1.4	1
1776140298268801701	194088143	5	4	10.0.1.4	1
1776140298270786270	215837656	5	4	10.0.1.4	1
1776140298272558277	924892836	5	4	10.0.1.4	1
1776140298274513889	1308873641	5	4	10.0.1.4	1
1776140298275003901	821507630	5	4	10.0.1.4	1
1776140298281923655	1338439372	5	1	10.0.1.1	1
1776140298284291397	705589223	5	1	10.0.1.1	1
1776140298289116604	617141710	5	1	10.0.1.1	1
1776140298289567747	643098500	5	1	10.0.1.1	1
1776140298290960552	769794169	5	1	10.0.1.1	1
1776140298291429628	1464155146	5	1	10.0.1.1	1
1776140298293993444	1955158624	6	3	10.0.1.3	1
1776140298296677895	1870314309	6	3	10.0.1.3	1
1776140298297174065	2082966362	6	3	10.0.1.3	1
1776140298298434552	172475835	6	3	10.0.1.3	1
1776140298298773756	1448171685	6	3	10.0.1.3	1
1776140298299687868	1047859235	6	3	10.0.1.3	1
1776140298300061422	1161823047	6	3	10.0.1.3	1
1776140298302246950	1511594041	6	3	10.0.1.3	1
1776140298302664734	357265650	6	3	10.0.1.3	1
1776140298303112426	62163760	6	3	10.0.1.3	1
1776140298303445630	120515122	6	3	10.0.1.3	1
1776140298303983473	524410000	6	3	10.0.1.3	1
1776140298309206413	1467020342	6	3	10.0.1.3	1
1776140298309736906	498620881	6	3	10.0.1.3	1
1776140298334123493	1369889763	5	9	10.0.1.9	1
1776140298342517819	2048999174	5	5	10.0.1.5	1
1776140298344422150	1905760050	5	5	10.0.1.5	1
1776140298380159699	504165263	6	10	10.0.1.10	1
1776140298380964317	1469736883	6	10	10.0.1.10	1
1776140298381258725	488523065	6	10	10.0.1.10	1
1776140298381528010	1632881477	6	10	10.0.1.10	1
1776140298387094202	884874386	6	10	10.0.1.10	1
1776140298388200136	1068732279	6	10	10.0.1.10	1
1776140298389023659	1252320409	6	10	10.0.1.10	1
1776140298390069192	986920129	6	10	10.0.1.10	1
1776140298392202608	309571400	5	6	10.0.1.6	1
1776140298409337261	214129242	6	2	10.0.1.2	1
1776140298411288930	160692447	6	2	10.0.1.2	1
1776140298413833722	1346040980	6	2	10.0.1.2	1
1776140298414941732	1325984103	6	2	10.0.1.2	1
1776140298416022922	2100964273	6	2	10.0.1.2	1
1776140298419040918	696589296	6	2	10.0.1.2	1
1776140298420153284	386669227	6	2	10.0.1.2	1
1776140298420553938	375958582	6	2	10.0.1.2	1
1776140298424553420	32958717	6	4	10.0.1.4	1
1776140298424945260	1678312776	6	4	10.0.1.4	1
1776140298425286233	569132089	6	4	10.0.1.4	1
1776140298425876400	853588939	6	4	10.0.1.4	1
1776140298426250051	1145945195	6	4	10.0.1.4	1
1776140298428080800	194088143	6	4	10.0.1.4	1
1776140298428901723	215837656	6	4	10.0.1.4	1
1776140298430596517	924892836	6	4	10.0.1.4	1
1776140298431982454	1308873641	6	4	10.0.1.4	1
1776140298432373250	821507630	6	4	10.0.1.4	1
1776140298436737607	1338439372	6	1	10.0.1.1	1
1776140298438270007	705589223	6	1	10.0.1.1	1
1776140298441951714	617141710	6	1	10.0.1.1	1
1776140298442333336	643098500	6	1	10.0.1.1	1
1776140298443421013	769794169	6	1	10.0.1.1	1
1776140298443828935	1464155146	6	1	10.0.1.1	1
1776140298445996501	1955158624	7	3	10.0.1.3	1
1776140298446734443	1870314309	7	3	10.0.1.3	1
1776140298447141851	2082966362	7	3	10.0.1.3	1
1776140298448262088	172475835	7	3	10.0.1.3	1
1776140298448632365	1448171685	7	3	10.0.1.3	1
1776140298449413037	1047859235	7	3	10.0.1.3	1
1776140298449773565	1161823047	7	3	10.0.1.3	1
1776140298451796984	1511594041	7	3	10.0.1.3	1
1776140298452168873	357265650	7	3	10.0.1.3	1
1776140298452504165	62163760	7	3	10.0.1.3	1
1776140298452851583	120515122	7	3	10.0.1.3	1
1776140298453245909	524410000	7	3	10.0.1.3	1
1776140298454505101	1467020342	7	3	10.0.1.3	1
1776140298455286567	498620881	7	3	10.0.1.3	1
1776140298475835080	1369889763	6	9	10.0.1.9	1
1776140298488355684	2048999174	6	5	10.0.1.5	1
1776140298490848822	1905760050	6	5	10.0.1.5	1
1776140298497577799	504165263	7	10	10.0.1.10	1
1776140298497977916	1469736883	7	10	10.0.1.10	1
1776140298499762674	488523065	7	10	10.0.1.10	1
1776140298500632987	1632881477	7	10	10.0.1.10	1
1776140298507962293	884874386	7	10	10.0.1.10	1
1776140298509837160	1068732279	7	10	10.0.1.10	1
1776140298510519254	1252320409	7	10	10.0.1.10	1
1776140298512042318	986920129	7	10	10.0.1.10	1
1776140298520415942	309571400	6	6	10.0.1.6	1
1776140298532808130	214129242	7	2	10.0.1.2	1
1776140298536149740	160692447	7	2	10.0.1.2	1
1776140298539041982	32958717	7	4	10.0.1.4	1
1776140298541932637	1346040980	7	2	10.0.1.2	1
1776140298542475648	1678312776	7	4	10.0.1.4	1
1776140298543361621	569132089	7	4	10.0.1.4	1
1776140298544184140	853588939	7	4	10.0.1.4	1
1776140298544712742	1325984103	7	2	10.0.1.2	1
1776140298546882376	1145945195	7	4	10.0.1.4	1
1776140298547345926	2100964273	7	2	10.0.1.2	1
1776140298551331883	696589296	7	2	10.0.1.2	1
1776140298552800827	194088143	7	4	10.0.1.4	1
1776140298553224200	386669227	7	2	10.0.1.2	1
1776140298554279736	375958582	7	2	10.0.1.2	1
1776140298554651314	215837656	7	4	10.0.1.4	1
1776140298556658933	924892836	7	4	10.0.1.4	1
1776140298558548472	1308873641	7	4	10.0.1.4	1
1776140298559100269	821507630	7	4	10.0.1.4	1
1776140298566008077	1338439372	7	1	10.0.1.1	1
1776140298566492919	705589223	7	1	10.0.1.1	1
1776140298569768807	617141710	7	1	10.0.1.1	1
1776140298570134742	643098500	7	1	10.0.1.1	1
1776140298571097409	769794169	7	1	10.0.1.1	1
1776140298571524363	1464155146	7	1	10.0.1.1	1
1776140298573734167	1955158624	8	3	10.0.1.3	1
1776140298574439467	1870314309	8	3	10.0.1.3	1
1776140298574838474	2082966362	8	3	10.0.1.3	1
1776140298576438644	172475835	8	3	10.0.1.3	1
1776140298576676321	1448171685	8	3	10.0.1.3	1
1776140298577249967	1047859235	8	3	10.0.1.3	1
1776140298577634476	1161823047	8	3	10.0.1.3	1
1776140298579761126	1511594041	8	3	10.0.1.3	1
1776140298580202155	357265650	8	3	10.0.1.3	1
1776140298580587629	62163760	8	3	10.0.1.3	1
1776140298580977621	120515122	8	3	10.0.1.3	1
1776140298581378779	524410000	8	3	10.0.1.3	1
1776140298582583358	1467020342	8	3	10.0.1.3	1
1776140298583719351	498620881	8	3	10.0.1.3	1
1776140298605301246	1369889763	7	9	10.0.1.9	1
1776140298620692810	504165263	8	10	10.0.1.10	1
1776140298621078905	1469736883	8	10	10.0.1.10	1
1776140298621437308	488523065	8	10	10.0.1.10	1
1776140298622007018	1632881477	8	10	10.0.1.10	1
1776140298624716120	884874386	8	10	10.0.1.10	1
1776140298625439171	1068732279	8	10	10.0.1.10	1
1776140298625796867	1252320409	8	10	10.0.1.10	1
1776140298626589718	986920129	8	10	10.0.1.10	1
1776140298631409439	2048999174	7	5	10.0.1.5	1
1776140298632860678	1905760050	7	5	10.0.1.5	1
1776140298645193980	309571400	7	6	10.0.1.6	1
1776140298660844843	214129242	8	2	10.0.1.2	1
1776140298661798195	32958717	8	4	10.0.1.4	1
1776140298664011791	160692447	8	4	10.0.1.4	1
1776140298665473100	1678312776	8	4	10.0.1.4	1
1776140298666450574	569132089	8	4	10.0.1.4	1
1776140298667594436	853588939	8	4	10.0.1.4	1
1776140298669434533	1145945195	8	4	10.0.1.4	1
1776140298672488217	194088143	8	4	10.0.1.4	1
1776140298673328645	2100964273	8	4	10.0.1.4	1
1776140298675561764	215837656	8	4	10.0.1.4	1
1776140298676162135	1346040980	8	2	10.0.1.2	1
1776140298676710603	696589296	8	4	10.0.1.4	1
1776140298678169760	924892836	8	4	10.0.1.4	1
1776140298679230594	1325984103	8	2	10.0.1.2	1
1776140298680439841	386669227	8	4	10.0.1.4	1
1776140298680822636	1308873641	8	4	10.0.1.4	1
1776140298681475123	821507630	8	4	10.0.1.4	1
1776140298689252682	375958582	8	2	10.0.1.2	1
1776140298692337435	1338439372	8	1	10.0.1.1	1
1776140298693940354	705589223	8	1	10.0.1.1	1
1776140298698082903	617141710	8	1	10.0.1.1	1
1776140298698566984	643098500	8	1	10.0.1.1	1
1776140298699668667	769794169	8	1	10.0.1.1	1
1776140298700247736	1464155146	8	1	10.0.1.1	1
1776140298703420619	1955158624	9	3	10.0.1.3	1
1776140298704373522	1870314309	9	3	10.0.1.3	1
1776140298704718581	2082966362	9	3	10.0.1.3	1
1776140298706255528	172475835	9	3	10.0.1.3	1
1776140298706595280	1448171685	9	3	10.0.1.3	1
1776140298707532537	1047859235	9	3	10.0.1.3	1
1776140298707938513	1161823047	9	3	10.0.1.3	1
1776140298720936696	1511594041	9	3	10.0.1.3	1
1776140298721343485	357265650	9	3	10.0.1.3	1
1776140298721718372	62163760	9	3	10.0.1.3	1
1776140298722165256	120515122	9	3	10.0.1.3	1
1776140298722580090	524410000	9	3	10.0.1.3	1
1776140298724055993	1467020342	9	3	10.0.1.3	1
1776140298724885318	498620881	9	3	10.0.1.3	1
1776140298748228832	1369889763	8	9	10.0.1.9	1
1776140298763892873	504165263	9	10	10.0.1.10	1
1776140298764181267	1469736883	9	10	10.0.1.10	1
1776140298764465329	488523065	9	10	10.0.1.10	1
1776140298764824827	1632881477	9	10	10.0.1.10	1
1776140298768349087	884874386	9	10	10.0.1.10	1
1776140298769150705	1068732279	9	10	10.0.1.10	1
1776140298769602003	1252320409	9	10	10.0.1.10	1
1776140298770336995	986920129	9	10	10.0.1.10	1
1776140298775314390	2048999174	8	5	10.0.1.5	1
1776140298776485722	1905760050	8	5	10.0.1.5	1
1776140298798964919	32958717	9	4	10.0.1.4	1
1776140298799644949	160692447	9	4	10.0.1.4	1
1776140298800320193	1678312776	9	4	10.0.1.4	1
1776140298800742709	569132089	9	4	10.0.1.4	1
1776140298801182695	853588939	9	4	10.0.1.4	1
1776140298802235498	1145945195	9	4	10.0.1.4	1
1776140298804088475	194088143	9	4	10.0.1.4	1
1776140298804494879	2100964273	9	4	10.0.1.4	1
1776140298805487247	215837656	9	4	10.0.1.4	1
1776140298806282442	214129242	9	2	10.0.1.2	1
1776140298806686204	696589296	9	4	10.0.1.4	1
1776140298808707734	924892836	9	4	10.0.1.4	1
1776140298810754797	386669227	9	4	10.0.1.4	1
1776140298811432560	1308873641	9	4	10.0.1.4	1
1776140298812219563	821507630	9	4	10.0.1.4	1
1776140298816826014	1346040980	9	2	10.0.1.2	1
1776140298818172686	1325984103	9	2	10.0.1.2	1
1776140298823710719	375958582	9	2	10.0.1.2	1
1776140298826935869	1338439372	9	1	10.0.1.1	1
1776140298828468914	705589223	9	1	10.0.1.1	1
1776140298832630367	617141710	9	1	10.0.1.1	1
1776140298833092637	643098500	9	1	10.0.1.1	1
1776140298834293174	769794169	9	1	10.0.1.1	1
1776140298834939884	1464155146	9	1	10.0.1.1	1
1776140298837267810	1955158624	10	3	10.0.1.3	1
1776140298838369034	1870314309	10	3	10.0.1.3	1
1776140298838752182	2082966362	10	3	10.0.1.3	1
1776140298840030387	172475835	10	3	10.0.1.3	1
1776140298840635886	1448171685	10	3	10.0.1.3	1
1776140298841640212	1047859235	10	3	10.0.1.3	1
1776140298842054092	1161823047	10	3	10.0.1.3	1
1776140298844321358	1511594041	10	3	10.0.1.3	1
1776140298844625876	357265650	10	3	10.0.1.3	1
1776140298845040087	62163760	10	3	10.0.1.3	1
1776140298845379088	120515122	10	3	10.0.1.3	1
1776140298845807356	524410000	10	3	10.0.1.3	1
1776140298847007066	1467020342	10	3	10.0.1.3	1
1776140298848531825	498620881	10	3	10.0.1.3	1
1776140298872746400	1369889763	9	9	10.0.1.9	1
1776140298887193012	504165263	10	10	10.0.1.10	1
1776140298888413398	1469736883	10	10	10.0.1.10	1
1776140298890844099	488523065	10	10	10.0.1.10	1
1776140298891210655	1632881477	10	10	10.0.1.10	1
1776140298897224361	884874386	10	10	10.0.1.10	1
1776140298898576125	1068732279	10	10	10.0.1.10	1
1776140298899012423	1252320409	10	10	10.0.1.10	1
1776140298899656903	986920129	10	10	10.0.1.10	1
1776140298920072443	2048999174	9	5	10.0.1.5	1
1776140298922527170	1905760050	9	5	10.0.1.5	1
1776140298936564397	214129242	10	2	10.0.1.2	1
1776140298936888239	32958717	10	4	10.0.1.4	1
1776140298939057194	160692447	10	4	10.0.1.4	1
1776140298944975251	1678312776	10	4	10.0.1.4	1
1776140298945949764	569132089	10	4	10.0.1.4	1
1776140298946946231	853588939	10	4	10.0.1.4	1
1776140298949325281	1145945195	10	4	10.0.1.4	1
1776140298951864399	1346040980	10	2	10.0.1.2	1
1776140298953220006	194088143	10	4	10.0.1.4	1
1776140298954017423	2100964273	10	4	10.0.1.4	1
1776140298954423001	1325984103	10	2	10.0.1.2	1
1776140298956098300	215837656	10	4	10.0.1.4	1
1776140298957683278	696589296	10	4	10.0.1.4	1
1776140298959305631	924892836	10	4	10.0.1.4	1
1776140298961833537	386669227	10	4	10.0.1.4	1
1776140298962611744	1308873641	10	4	10.0.1.4	1
1776140298963087870	821507630	10	4	10.0.1.4	1
1776140298966021609	375958582	10	2	10.0.1.2	1
1776140298970784096	1338439372	10	1	10.0.1.1	1
1776140298972572578	705589223	10	1	10.0.1.1	1
1776140298976837584	617141710	10	1	10.0.1.1	1
1776140298977294177	643098500	10	1	10.0.1.1	1
1776140298978578011	769794169	10	1	10.0.1.1	1
1776140298979028130	1464155146	10	1	10.0.1.1	1
1776140298983948214	1955158624	11	3	10.0.1.3	1
1776140298985911446	1870314309	11	3	10.0.1.3	1
1776140298987030005	2082966362	11	3	10.0.1.3	1
1776140298989781002	172475835	11	3	10.0.1.3	1
1776140298990571292	1448171685	11	3	10.0.1.3	1
1776140298992365513	1047859235	11	3	10.0.1.3	1
1776140298993212038	1161823047	11	3	10.0.1.3	1
1776140298997542232	1511594041	11	3	10.0.1.3	1
1776140298998447365	357265650	11	3	10.0.1.3	1
1776140298999289203	62163760	11	3	10.0.1.3	1
1776140299000216310	120515122	11	3	10.0.1.3	1
1776140299001097834	524410000	11	3	10.0.1.3	1
1776140299003133733	1467020342	11	3	10.0.1.3	1
1776140299004075671	498620881	11	3	10.0.1.3	1
1776140299015549393	1369889763	10	9	10.0.1.9	1
1776140299029687883	504165263	11	10	10.0.1.10	1
1776140299030661098	1469736883	11	10	10.0.1.10	1
1776140299031050527	488523065	11	10	10.0.1.10	1
1776140299031415803	1632881477	11	10	10.0.1.10	1
1776140299034336298	884874386	11	10	10.0.1.10	1
1776140299035298973	1068732279	11	10	10.0.1.10	1
1776140299036027317	1252320409	11	10	10.0.1.10	1
1776140299037373804	986920129	11	10	10.0.1.10	1
1776140299054680784	2048999174	10	5	10.0.1.5	1
1776140299056053528	1905760050	10	5	10.0.1.5	1
1776140299064438054	214129242	11	2	10.0.1.2	1
1776140299069486624	160692447	11	2	10.0.1.2	1
1776140299072925866	1346040980	11	2	10.0.1.2	1
1776140299073865589	1325984103	11	2	10.0.1.2	1
1776140299075065610	2100964273	11	2	10.0.1.2	1
1776140299079966435	696589296	11	2	10.0.1.2	1
1776140299081654585	386669227	11	2	10.0.1.2	1
1776140299082204527	375958582	11	2	10.0.1.2	1
1776140299084890547	32958717	11	4	10.0.1.4	1
1776140299085685401	1678312776	11	1	10.0.1.1	1
1776140299087202764	1338439372	11	1	10.0.1.1	1
1776140299087977928	853588939	11	1	10.0.1.1	1
1776140299089590000	569132089	11	4	10.0.1.4	1
1776140299089970267	705589223	11	1	10.0.1.1	1
1776140299093914235	1145945195	11	4	10.0.1.4	1
1776140299095370986	617141710	11	1	10.0.1.1	1
1776140299095771773	643098500	11	1	10.0.1.1	1
1776140299098322539	769794169	11	1	10.0.1.1	1
1776140299098824389	1464155146	11	1	10.0.1.1	1
1776140299099222480	1308873641	11	1	10.0.1.1	1
1776140299099599176	194088143	11	4	10.0.1.4	1
1776140299100126752	821507630	11	1	10.0.1.1	1
1776140299102475972	215837656	11	4	10.0.1.4	1
1776140299103769856	924892836	11	4	10.0.1.4	1
1776140299108787641	1955158624	12	3	10.0.1.3	1
1776140299114634433	1870314309	12	3	10.0.1.3	1
1776140299115623225	2082966362	12	3	10.0.1.3	1
1776140299118181430	172475835	12	3	10.0.1.3	1
1776140299118621462	1448171685	12	3	10.0.1.3	1
1776140299120109996	1047859235	12	3	10.0.1.3	1
1776140299120831776	1161823047	12	3	10.0.1.3	1
1776140299124703263	1511594041	12	3	10.0.1.3	1
1776140299125471736	357265650	12	3	10.0.1.3	1
1776140299126166732	62163760	12	3	10.0.1.3	1
1776140299126905545	120515122	12	3	10.0.1.3	1
1776140299127659784	524410000	12	3	10.0.1.3	1
1776140299129859607	1467020342	12	3	10.0.1.3	1
1776140299131018671	498620881	12	3	10.0.1.3	1
1776140299142511625	1369889763	11	9	10.0.1.9	1
1776140299156648988	504165263	12	10	10.0.1.10	1
1776140299157107504	1469736883	12	10	10.0.1.10	1
1776140299157468280	488523065	12	10	10.0.1.10	1
1776140299157838572	1632881477	12	10	10.0.1.10	1
1776140299161085131	884874386	12	10	10.0.1.10	1
1776140299161786689	1068732279	12	10	10.0.1.10	1
1776140299163165521	1252320409	12	10	10.0.1.10	1
1776140299164006793	986920129	12	10	10.0.1.10	1
1776140299182828673	2048999174	11	5	10.0.1.5	1
1776140299184269272	1905760050	11	5	10.0.1.5	1
1776140299197666828	1678312776	12	1	10.0.1.1	1
1776140299199195390	1338439372	12	1	10.0.1.1	1
1776140299199548066	853588939	12	1	10.0.1.1	1
1776140299200779355	705589223	12	1	10.0.1.1	1
1776140299206417737	617141710	12	1	10.0.1.1	1
1776140299207164721	643098500	12	1	10.0.1.1	1
1776140299208643619	769794169	12	1	10.0.1.1	1
1776140299209423633	1464155146	12	1	10.0.1.1	1
1776140299209950056	1308873641	12	1	10.0.1.1	1
1776140299210295563	821507630	12	1	10.0.1.1	1
1776140299212184175	214129242	12	2	10.0.1.2	1
1776140299215211664	160692447	12	2	10.0.1.2	1
1776140299220315078	1346040980	12	2	10.0.1.2	1
1776140299223568877	1325984103	12	2	10.0.1.2	1
1776140299224007869	2100964273	12	2	10.0.1.2	1
1776140299226654240	696589296	12	2	10.0.1.2	1
1776140299228199358	386669227	12	2	10.0.1.2	1
1776140299228662098	375958582	12	2	10.0.1.2	1
1776140299231086614	569132089	12	7	10.0.1.7	1
1776140299234162225	32958717	12	4	10.0.1.4	1
1776140299239801201	194088143	12	7	10.0.1.7	1
1776140299242022388	215837656	12	7	10.0.1.7	1
1776140299247538654	1145945195	12	4	10.0.1.4	1
1776140299254385609	924892836	12	4	10.0.1.4	1
1776140299258225763	1955158624	13	3	10.0.1.3	1
1776140299260570888	1870314309	13	3	10.0.1.3	1
1776140299261003583	2082966362	13	3	10.0.1.3	1
1776140299262953315	172475835	13	3	10.0.1.3	1
1776140299263489544	1448171685	13	3	10.0.1.3	1
1776140299264630357	1047859235	13	3	10.0.1.3	1
1776140299265172030	1161823047	13	3	10.0.1.3	1
1776140299268145197	1511594041	13	3	10.0.1.3	1
1776140299268583914	357265650	13	3	10.0.1.3	1
1776140299269179140	62163760	13	3	10.0.1.3	1
1776140299269787174	120515122	13	3	10.0.1.3	1
1776140299270233117	524410000	13	3	10.0.1.3	1
1776140299271640821	1467020342	13	3	10.0.1.3	1
1776140299272517381	498620881	13	3	10.0.1.3	1
1776140299283883932	1369889763	12	9	10.0.1.9	1
1776140299298156151	504165263	13	10	10.0.1.10	1
1776140299298516839	1469736883	13	10	10.0.1.10	1
1776140299298915270	488523065	13	10	10.0.1.10	1
1776140299299323632	1632881477	13	10	10.0.1.10	1
1776140299302586593	884874386	13	10	10.0.1.10	1
1776140299303359881	1068732279	13	10	10.0.1.10	1
1776140299303712202	1252320409	13	10	10.0.1.10	1
1776140299304477199	986920129	13	10	10.0.1.10	1
1776140299331804400	2048999174	12	5	10.0.1.5	1
1776140299332703987	1905760050	12	5	10.0.1.5	1
1776140299347741360	214129242	13	2	10.0.1.2	1
1776140299352834363	160692447	13	2	10.0.1.2	1
1776140299358837313	1346040980	13	2	10.0.1.2	1
1776140299359991624	1325984103	13	2	10.0.1.2	1
1776140299361175987	2100964273	13	2	10.0.1.2	1
1776140299363640947	696589296	13	2	10.0.1.2	1
1776140299364825683	386669227	13	2	10.0.1.2	1
1776140299365918966	375958582	13	2	10.0.1.2	1
1776140299366279682	32958717	13	4	10.0.1.4	1
1776140299369220288	1678312776	13	1	10.0.1.1	1
1776140299371180868	1338439372	13	1	10.0.1.1	1
1776140299371749038	569132089	13	4	10.0.1.4	1
1776140299372109427	853588939	13	4	10.0.1.4	1
1776140299374026999	1145945195	13	4	10.0.1.4	1
1776140299377491653	705589223	13	1	10.0.1.1	1
1776140299378068592	194088143	13	4	10.0.1.4	1
1776140299381823616	215837656	13	4	10.0.1.4	1
1776140299385609379	1955158624	14	3	10.0.1.3	1
1776140299387194503	924892836	13	4	10.0.1.4	1
1776140299388271513	1870314309	14	3	10.0.1.3	1
1776140299389790854	2082966362	14	3	10.0.1.3	1
1776140299390981885	617141710	13	1	10.0.1.1	1
1776140299392672446	643098500	13	1	10.0.1.1	1
1776140299393075450	1308873641	13	4	10.0.1.4	1
1776140299394255841	821507630	13	4	10.0.1.4	1
1776140299396451413	769794169	13	1	10.0.1.1	1
1776140299396825513	172475835	14	3	10.0.1.3	1
1776140299398835141	1464155146	13	1	10.0.1.1	1
1776140299399200057	1448171685	14	3	10.0.1.3	1
1776140299404076579	1047859235	14	3	10.0.1.3	1
1776140299408173527	1161823047	14	3	10.0.1.3	1
1776140299410426856	1511594041	14	3	10.0.1.3	1
1776140299410797015	357265650	14	3	10.0.1.3	1
1776140299411195343	62163760	14	3	10.0.1.3	1
1776140299411663351	120515122	14	3	10.0.1.3	1
1776140299412100573	524410000	14	3	10.0.1.3	1
1776140299413384562	1467020342	14	3	10.0.1.3	1
1776140299414190917	498620881	14	3	10.0.1.3	1
1776140299425628024	1369889763	13	9	10.0.1.9	1
1776140299440585152	504165263	14	10	10.0.1.10	1
1776140299440901608	1469736883	14	10	10.0.1.10	1
1776140299441268605	488523065	14	10	10.0.1.10	1
1776140299441602085	1632881477	14	10	10.0.1.10	1
1776140299446391083	884874386	14	10	10.0.1.10	1
1776140299446999178	1068732279	14	10	10.0.1.10	1
1776140299447260882	1252320409	14	10	10.0.1.10	1
1776140299448094784	986920129	14	10	10.0.1.10	1
1776140299485090846	214129242	14	2	10.0.1.2	1
1776140299488101355	32958717	14	4	10.0.1.4	1
1776140299494432232	160692447	14	4	10.0.1.4	1
1776140299495633260	569132089	14	7	10.0.1.7	1
1776140299496110250	1678312776	14	1	10.0.1.1	1
1776140299497838522	853588939	14	7	10.0.1.7	1
1776140299500123659	1338439372	14	1	10.0.1.1	1
1776140299501773578	705589223	14	7	10.0.1.7	1
1776140299509296094	1145945195	14	4	10.0.1.4	1
1776140299511244632	2048999174	13	5	10.0.1.5	1
1776140299513552790	194088143	14	7	10.0.1.7	1
1776140299514359589	1346040980	14	2	10.0.1.2	1
1776140299516868494	1905760050	13	5	10.0.1.5	1
1776140299519151107	215837656	14	7	10.0.1.7	1
1776140299519877973	1325984103	14	2	10.0.1.2	1
1776140299520329064	2100964273	14	4	10.0.1.4	1
1776140299527154013	617141710	14	1	10.0.1.1	1
1776140299531498946	696589296	14	4	10.0.1.4	1
1776140299532940463	643098500	14	1	10.0.1.1	1
1776140299536319306	924892836	14	4	10.0.1.4	1
1776140299537143272	1308873641	14	7	10.0.1.7	1
1776140299539443039	821507630	14	7	10.0.1.7	1
1776140299539824078	769794169	14	1	10.0.1.1	1
1776140299541884461	1464155146	14	1	10.0.1.1	1
1776140299542667444	386669227	14	4	10.0.1.4	1
1776140299553633085	375958582	14	2	10.0.1.2	1
1776140299561226008	1955158624	15	3	10.0.1.3	1
1776140299561977307	1870314309	15	3	10.0.1.3	1
1776140299562333099	2082966362	15	3	10.0.1.3	1
1776140299563674424	172475835	15	3	10.0.1.3	1
1776140299564145221	1448171685	15	3	10.0.1.3	1
1776140299564805359	1047859235	15	3	10.0.1.3	1
1776140299565212240	1161823047	15	3	10.0.1.3	1
1776140299567830074	1511594041	15	3	10.0.1.3	1
1776140299568309987	357265650	15	3	10.0.1.3	1
1776140299568668514	62163760	15	3	10.0.1.3	1
1776140299569291058	120515122	15	3	10.0.1.3	1
1776140299570041599	524410000	15	3	10.0.1.3	1
1776140299571297722	1467020342	15	3	10.0.1.3	1
1776140299572460662	498620881	15	3	10.0.1.3	1
1776140299585017936	1369889763	14	9	10.0.1.9	1
1776140299601688550	504165263	15	10	10.0.1.10	1
1776140299603462785	1469736883	15	10	10.0.1.10	1
1776140299604298682	488523065	15	10	10.0.1.10	1
1776140299605224842	1632881477	15	10	10.0.1.10	1
1776140299609583445	884874386	15	10	10.0.1.10	1
1776140299610279612	1068732279	15	10	10.0.1.10	1
1776140299610677043	1252320409	15	10	10.0.1.10	1
1776140299611657490	986920129	15	10	10.0.1.10	1
1776140299623322638	1678312776	15	1	10.0.1.1	1
1776140299624953526	1338439372	15	1	10.0.1.1	1
1776140299626490155	853588939	15	1	10.0.1.1	1
1776140299628986769	705589223	15	1	10.0.1.1	1
1776140299633872122	617141710	15	1	10.0.1.1	1
1776140299634530602	643098500	15	1	10.0.1.1	1
1776140299636970577	769794169	15	1	10.0.1.1	1
1776140299637321230	1464155146	15	1	10.0.1.1	1
1776140299637645755	1308873641	15	1	10.0.1.1	1
1776140299638143162	821507630	15	1	10.0.1.1	1
1776140299640843220	214129242	15	2	10.0.1.2	1
1776140299641641173	32958717	15	4	10.0.1.4	1
1776140299643884890	160692447	15	4	10.0.1.4	1
1776140299647556889	569132089	15	4	10.0.1.4	1
1776140299652533239	1145945195	15	4	10.0.1.4	1
1776140299654374436	2048999174	14	5	10.0.1.5	1
1776140299657080579	1346040980	15	2	10.0.1.2	1
1776140299657810942	1905760050	14	5	10.0.1.5	1
1776140299658533369	194088143	15	4	10.0.1.4	1
1776140299659705694	2100964273	15	4	10.0.1.4	1
1776140299660448728	1325984103	15	2	10.0.1.2	1
1776140299661930530	215837656	15	4	10.0.1.4	1
1776140299664230113	696589296	15	4	10.0.1.4	1
1776140299666534666	924892836	15	4	10.0.1.4	1
1776140299670317774	386669227	15	4	10.0.1.4	1
1776140299676614398	375958582	15	2	10.0.1.2	1
1776140299693456355	1955158624	16	3	10.0.1.3	1
1776140299694208967	1870314309	16	3	10.0.1.3	1
1776140299694649731	2082966362	16	3	10.0.1.3	1
1776140299695711732	172475835	16	3	10.0.1.3	1
1776140299696152709	1448171685	16	3	10.0.1.3	1
1776140299696929733	1047859235	16	3	10.0.1.3	1
1776140299697273325	1161823047	16	3	10.0.1.3	1
1776140299699259155	1511594041	16	3	10.0.1.3	1
1776140299699847608	357265650	16	3	10.0.1.3	1
1776140299700257406	62163760	16	3	10.0.1.3	1
1776140299700797959	120515122	16	3	10.0.1.3	1
1776140299701289446	524410000	16	3	10.0.1.3	1
1776140299703648008	1467020342	16	3	10.0.1.3	1
1776140299704546626	498620881	16	3	10.0.1.3	1
1776140299715843290	1369889763	15	9	10.0.1.9	1
1776140299731416117	504165263	16	10	10.0.1.10	1
1776140299731803358	1469736883	16	10	10.0.1.10	1
1776140299732080526	488523065	16	10	10.0.1.10	1
1776140299732360982	1632881477	16	10	10.0.1.10	1
1776140299735520773	884874386	16	10	10.0.1.10	1
1776140299736184744	1068732279	16	10	10.0.1.10	1
1776140299736557572	1252320409	16	10	10.0.1.10	1
1776140299737347481	986920129	16	10	10.0.1.10	1
1776140299760464746	1678312776	16	1	10.0.1.1	1
1776140299762472128	1338439372	16	1	10.0.1.1	1
1776140299763195248	853588939	16	1	10.0.1.1	1
1776140299765584576	705589223	16	1	10.0.1.1	1
1776140299773512651	643098500	16	1	10.0.1.1	1
1776140299776615507	769794169	16	1	10.0.1.1	1
1776140299777019834	1464155146	16	1	10.0.1.1	1
1776140299777283537	1308873641	16	1	10.0.1.1	1
1776140299777654979	821507630	16	1	10.0.1.1	1
1776140299780359912	32958717	16	4	10.0.1.4	1
1776140299781186514	160692447	16	4	10.0.1.4	1
1776140299782605521	569132089	16	4	10.0.1.4	1
1776140299784424993	1145945195	16	4	10.0.1.4	1
1776140299787310031	194088143	16	4	10.0.1.4	1
1776140299787916077	2100964273	16	4	10.0.1.4	1
1776140299788795563	215837656	16	4	10.0.1.4	1
1776140299789972430	696589296	16	4	10.0.1.4	1
1776140299790949188	924892836	16	4	10.0.1.4	1
1776140299792055409	386669227	16	4	10.0.1.4	1
1776140299793043475	214129242	16	2	10.0.1.2	1
1776140299804768061	2048999174	15	5	10.0.1.5	1
1776140299806131487	1346040980	16	2	10.0.1.2	1
1776140299807035809	1905760050	15	5	10.0.1.5	1
1776140299808290206	1325984103	16	2	10.0.1.2	1
1776140299819699200	375958582	16	2	10.0.1.2	1
1776140299835762721	1955158624	17	3	10.0.1.3	1
1776140299836604602	1870314309	17	3	10.0.1.3	1
1776140299836985253	2082966362	17	3	10.0.1.3	1
1776140299838269629	172475835	17	3	10.0.1.3	1
1776140299838801844	1448171685	17	3	10.0.1.3	1
1776140299839672975	1047859235	17	3	10.0.1.3	1
1776140299839988628	1161823047	17	3	10.0.1.3	1
1776140299842101175	1511594041	17	3	10.0.1.3	1
1776140299842479995	357265650	17	3	10.0.1.3	1
1776140299842837209	62163760	17	3	10.0.1.3	1
1776140299843269472	120515122	17	3	10.0.1.3	1
1776140299843702125	524410000	17	3	10.0.1.3	1
1776140299844918645	1467020342	17	3	10.0.1.3	1
1776140299845709473	498620881	17	3	10.0.1.3	1
1776140299857730700	1369889763	16	9	10.0.1.9	1
1776140299873063708	504165263	17	10	10.0.1.10	1
1776140299873343112	1469736883	17	10	10.0.1.10	1
1776140299873532983	488523065	17	10	10.0.1.10	1
1776140299874003659	1632881477	17	10	10.0.1.10	1
1776140299877117189	884874386	17	10	10.0.1.10	1
1776140299877767942	1068732279	17	10	10.0.1.10	1
1776140299878185142	1252320409	17	10	10.0.1.10	1
1776140299878986889	986920129	17	10	10.0.1.10	1
1776140299888239479	1678312776	17	1	10.0.1.1	1
1776140299889112799	1338439372	17	1	10.0.1.1	1
1776140299889418423	853588939	17	1	10.0.1.1	1
1776140299890730957	705589223	17	1	10.0.1.1	1
1776140299895139107	643098500	17	1	10.0.1.1	1
1776140299896210046	769794169	17	1	10.0.1.1	1
1776140299896491207	1464155146	17	1	10.0.1.1	1
1776140299896996944	1308873641	17	1	10.0.1.1	1
1776140299897313829	821507630	17	1	10.0.1.1	1
1776140299899647552	309571400	16	6	10.0.1.6	1
1776140299927454110	569132089	17	7	10.0.1.7	1
1776140299930816147	194088143	17	7	10.0.1.7	1
1776140299932021477	215837656	17	7	10.0.1.7	1
1776140299937837710	214129242	17	2	10.0.1.2	1
1776140299941605989	32958717	17	4	10.0.1.4	1
1776140299943329413	160692447	17	4	10.0.1.4	1
1776140299947672536	1145945195	17	4	10.0.1.4	1
1776140299952297458	1346040980	17	2	10.0.1.2	1
1776140299952988818	2100964273	17	4	10.0.1.4	1
1776140299955562140	696589296	17	4	10.0.1.4	1
1776140299956386030	924892836	17	4	10.0.1.4	1
1776140299956702670	1955158624	18	3	10.0.1.3	1
1776140299957870904	1325984103	17	2	10.0.1.2	1
1776140299959541363	1870314309	18	3	10.0.1.3	1
1776140299960399468	386669227	17	4	10.0.1.4	1
1776140299961183804	2082966362	18	3	10.0.1.3	1
1776140299967464671	172475835	18	3	10.0.1.3	1
1776140299968943903	1448171685	18	3	10.0.1.3	1
1776140299975875020	1047859235	18	3	10.0.1.3	1
1776140299978327672	1161823047	18	3	10.0.1.3	1
1776140299985141451	2048999174	16	5	10.0.1.5	1
1776140299987821934	375958582	17	2	10.0.1.2	1
1776140299988211413	1511594041	18	3	10.0.1.3	1
1776140299988530695	1905760050	16	5	10.0.1.5	1
1776140299989803628	357265650	18	3	10.0.1.3	1
1776140299991320483	62163760	18	3	10.0.1.3	1
1776140299992561603	120515122	18	3	10.0.1.3	1
1776140299993853772	524410000	18	3	10.0.1.3	1
1776140299997383245	1467020342	18	3	10.0.1.3	1
1776140299999804499	498620881	18	3	10.0.1.3	1
1776140300009788412	1369889763	17	9	10.0.1.9	1
1776140300030505758	504165263	18	10	10.0.1.10	1
1776140300031026178	1469736883	18	10	10.0.1.10	1
1776140300031294640	488523065	18	10	10.0.1.10	1
1776140300031638295	1632881477	18	10	10.0.1.10	1
1776140300035334132	884874386	18	10	10.0.1.10	1
1776140300036178034	1068732279	18	10	10.0.1.10	1
1776140300036739137	1252320409	18	10	10.0.1.10	1
1776140300037785767	986920129	18	10	10.0.1.10	1
1776140300040415993	1678312776	18	1	10.0.1.1	1
1776140300041321109	1338439372	18	1	10.0.1.1	1
1776140300041726062	853588939	18	1	10.0.1.1	1
1776140300043075075	705589223	18	1	10.0.1.1	1
1776140300047315825	643098500	18	1	10.0.1.1	1
1776140300048411668	769794169	18	1	10.0.1.1	1
1776140300048797749	1464155146	18	1	10.0.1.1	1
1776140300049221048	1308873641	18	1	10.0.1.1	1
1776140300049612843	821507630	18	1	10.0.1.1	1
1776140300052961654	309571400	17	6	10.0.1.6	1
1776140300066016469	569132089	18	7	10.0.1.7	1
1776140300072110704	194088143	18	7	10.0.1.7	1
1776140300072514194	215837656	18	7	10.0.1.7	1
1776140300079397879	32958717	18	4	10.0.1.4	1
1776140300080255171	214129242	18	2	10.0.1.2	1
1776140300080645485	160692447	18	4	10.0.1.4	1
1776140300086872170	1955158624	19	3	10.0.1.3	1
1776140300087584442	1145945195	18	4	10.0.1.4	1
1776140300092109459	1346040980	18	2	10.0.1.2	1
1776140300092452234	2100964273	18	4	10.0.1.4	1
1776140300093216502	1870314309	19	3	10.0.1.3	1
1776140300094788832	1325984103	18	2	10.0.1.2	1
1776140300095994625	696589296	18	4	10.0.1.4	1
1776140300096778040	924892836	18	4	10.0.1.4	1
1776140300098554215	2082966362	19	3	10.0.1.3	1
1776140300098977361	386669227	18	4	10.0.1.4	1
1776140300104570608	172475835	19	3	10.0.1.3	1
1776140300105604806	1448171685	19	3	10.0.1.3	1
1776140300107105502	1047859235	19	3	10.0.1.3	1
1776140300108231852	1161823047	19	3	10.0.1.3	1
1776140300110310681	375958582	18	2	10.0.1.2	1
1776140300112296718	1511594041	19	3	10.0.1.3	1
1776140300112703019	357265650	19	3	10.0.1.3	1
1776140300113089313	62163760	19	3	10.0.1.3	1
1776140300113605643	120515122	19	3	10.0.1.3	1
1776140300113957919	524410000	19	3	10.0.1.3	1
1776140300115291980	1467020342	19	3	10.0.1.3	1
1776140300116171041	498620881	19	3	10.0.1.3	1
1776140300126139848	2048999174	17	5	10.0.1.5	1
1776140300128637795	1905760050	17	5	10.0.1.5	1
1776140300141226566	1369889763	18	9	10.0.1.9	1
1776140300150751454	504165263	19	10	10.0.1.10	1
1776140300151594077	1469736883	19	10	10.0.1.10	1
1776140300152024065	488523065	19	10	10.0.1.10	1
1776140300152804761	1632881477	19	10	10.0.1.10	1
1776140300158789339	884874386	19	10	10.0.1.10	1
1776140300160566699	1068732279	19	10	10.0.1.10	1
1776140300161006978	1252320409	19	10	10.0.1.10	1
1776140300162630615	986920129	19	10	10.0.1.10	1
1776140300173261427	1678312776	19	1	10.0.1.1	1
1776140300174227048	1338439372	19	1	10.0.1.1	1
1776140300174580100	853588939	19	1	10.0.1.1	1
1776140300175724718	705589223	19	1	10.0.1.1	1
1776140300180148402	643098500	19	1	10.0.1.1	1
1776140300181164570	769794169	19	1	10.0.1.1	1
1776140300181520589	1464155146	19	1	10.0.1.1	1
1776140300181934431	1308873641	19	1	10.0.1.1	1
1776140300182326742	821507630	19	1	10.0.1.1	1
1776140300185007629	309571400	18	6	10.0.1.6	1
1776140300199027814	569132089	19	7	10.0.1.7	1
1776140300203906251	194088143	19	7	10.0.1.7	1
1776140300205175756	215837656	19	7	10.0.1.7	1
1776140300211655239	32958717	19	4	10.0.1.4	1
1776140300213394716	160692447	19	4	10.0.1.4	1
1776140300216073660	1145945195	19	4	10.0.1.4	1
1776140300216795769	214129242	19	2	10.0.1.2	1
1776140300220338479	2100964273	19	4	10.0.1.4	1
1776140300223387365	696589296	19	4	10.0.1.4	1
1776140300225071036	924892836	19	4	10.0.1.4	1
1776140300227528917	1346040980	19	2	10.0.1.2	1
1776140300228161150	386669227	19	4	10.0.1.4	1
1776140300235978054	1325984103	19	2	10.0.1.2	1
1776140300245469392	375958582	19	2	10.0.1.2	1
1776140300246521268	1955158624	20	3	10.0.1.3	1
1776140300247297889	1870314309	20	3	10.0.1.3	1
1776140300247704331	2082966362	20	3	10.0.1.3	1
1776140300249019430	172475835	20	3	10.0.1.3	1
1776140300249377206	1448171685	20	3	10.0.1.3	1
1776140300250238846	1047859235	20	3	10.0.1.3	1
1776140300250731271	1161823047	20	3	10.0.1.3	1
1776140300253096673	1511594041	20	3	10.0.1.3	1
1776140300254215629	357265650	20	3	10.0.1.3	1
1776140300254604135	62163760	20	3	10.0.1.3	1
1776140300255144238	120515122	20	3	10.0.1.3	1
1776140300256049156	524410000	20	3	10.0.1.3	1
1776140300257979730	1467020342	20	3	10.0.1.3	1
1776140300258588356	498620881	20	3	10.0.1.3	1
1776140300269957571	1369889763	19	9	10.0.1.9	1
1776140300274702963	2048999174	18	5	10.0.1.5	1
1776140300276034634	1905760050	18	5	10.0.1.5	1
1776140300293860148	504165263	20	10	10.0.1.10	1
1776140300294256625	1469736883	20	10	10.0.1.10	1
1776140300294608960	488523065	20	10	10.0.1.10	1
1776140300295067260	1632881477	20	10	10.0.1.10	1
1776140300301016378	884874386	20	10	10.0.1.10	1
1776140300302351912	1068732279	20	10	10.0.1.10	1
1776140300303210911	1252320409	20	10	10.0.1.10	1
1776140300303979825	986920129	20	10	10.0.1.10	1
1776140300311162075	1678312776	20	1	10.0.1.1	1
1776140300312020196	1338439372	20	1	10.0.1.1	1
1776140300312437715	853588939	20	1	10.0.1.1	1
1776140300313692747	705589223	20	1	10.0.1.1	1
1776140300318350071	643098500	20	1	10.0.1.1	1
1776140300320050562	769794169	20	1	10.0.1.1	1
1776140300320670484	1464155146	20	1	10.0.1.1	1
1776140300321592013	1308873641	20	1	10.0.1.1	1
1776140300322218333	821507630	20	1	10.0.1.1	1
1776140300325752351	309571400	19	6	10.0.1.6	1
1776140300336870663	569132089	20	7	10.0.1.7	1
1776140300342479124	194088143	20	7	10.0.1.7	1
1776140300345942706	215837656	20	7	10.0.1.7	1
1776140300353013170	32958717	20	4	10.0.1.4	1
1776140300353483133	160692447	20	4	10.0.1.4	1
1776140300353862425	1145945195	20	4	10.0.1.4	1
1776140300356002585	2100964273	20	4	10.0.1.4	1
1776140300357626424	696589296	20	4	10.0.1.4	1
1776140300359101966	924892836	20	4	10.0.1.4	1
1776140300359832006	386669227	20	4	10.0.1.4	1
1776140300363545744	214129242	20	2	10.0.1.2	1
1776140300368585516	1346040980	20	2	10.0.1.2	1
1776140300369745428	1325984103	20	2	10.0.1.2	1
1776140300378634466	375958582	20	2	10.0.1.2	1
1776140300383135915	1955158624	21	3	10.0.1.3	1
1776140300384024848	1870314309	21	3	10.0.1.3	1
1776140300384426348	2082966362	21	3	10.0.1.3	1
1776140300385941956	172475835	21	3	10.0.1.3	1
1776140300386353225	1448171685	21	3	10.0.1.3	1
1776140300387354825	1047859235	21	3	10.0.1.3	1
1776140300387765525	1161823047	21	3	10.0.1.3	1
1776140300390306776	1511594041	21	3	10.0.1.3	1
1776140300390688023	357265650	21	3	10.0.1.3	1
1776140300391102371	62163760	21	3	10.0.1.3	1
1776140300391672790	120515122	21	3	10.0.1.3	1
1776140300392093465	524410000	21	3	10.0.1.3	1
1776140300393409896	1467020342	21	3	10.0.1.3	1
1776140300394278519	498620881	21	3	10.0.1.3	1
1776140300407584467	1369889763	20	9	10.0.1.9	1
1776140300411992797	2048999174	19	5	10.0.1.5	1
1776140300413121399	1905760050	19	5	10.0.1.5	1
1776140300430954941	504165263	21	10	10.0.1.10	1
1776140300431502242	1469736883	21	10	10.0.1.10	1
1776140300432335574	488523065	21	10	10.0.1.10	1
1776140300433141088	1632881477	21	10	10.0.1.10	1
1776140300443160912	884874386	21	10	10.0.1.10	1
1776140300443662210	1068732279	21	10	10.0.1.10	1
1776140300443842431	1252320409	21	10	10.0.1.10	1
1776140300444065358	986920129	21	10	10.0.1.10	1
1776140300448318526	1678312776	21	1	10.0.1.1	1
1776140300449332968	1338439372	21	1	10.0.1.1	1
1776140300449613569	853588939	21	1	10.0.1.1	1
1776140300451028995	705589223	21	1	10.0.1.1	1
1776140300456021469	643098500	21	1	10.0.1.1	1
1776140300457185931	769794169	21	1	10.0.1.1	1
1776140300458575575	1464155146	21	1	10.0.1.1	1
1776140300459169112	1308873641	21	1	10.0.1.1	1
1776140300460052217	821507630	21	1	10.0.1.1	1
1776140300464211578	309571400	20	6	10.0.1.6	1
1776140300465695397	569132089	21	7	10.0.1.7	1
1776140300473177782	194088143	21	7	10.0.1.7	1
1776140300475571170	215837656	21	7	10.0.1.7	1
1776140300489673947	32958717	21	4	10.0.1.4	1
1776140300490116470	160692447	21	4	10.0.1.4	1
1776140300493122916	1145945195	21	4	10.0.1.4	1
1776140300495407013	2100964273	21	4	10.0.1.4	1
1776140300500581080	696589296	21	4	10.0.1.4	1
1776140300501333262	924892836	21	4	10.0.1.4	1
1776140300503014667	386669227	21	4	10.0.1.4	1
1776140300509340465	214129242	21	2	10.0.1.2	1
1776140300516953302	1346040980	21	2	10.0.1.2	1
1776140300518303313	1325984103	21	2	10.0.1.2	1
1776140300526963703	375958582	21	2	10.0.1.2	1
1776140300529594213	1955158624	22	3	10.0.1.3	1
1776140300532768151	1870314309	22	3	10.0.1.3	1
1776140300533082378	2082966362	22	3	10.0.1.3	1
1776140300535567976	172475835	22	3	10.0.1.3	1
1776140300536776604	1448171685	22	3	10.0.1.3	1
1776140300539668125	1047859235	22	3	10.0.1.3	1
1776140300545171805	1161823047	22	3	10.0.1.3	1
1776140300548824452	1369889763	21	9	10.0.1.9	1
1776140300549849143	1511594041	22	3	10.0.1.3	1
1776140300550342494	357265650	22	3	10.0.1.3	1
1776140300550838910	62163760	22	3	10.0.1.3	1
1776140300551507814	120515122	22	3	10.0.1.3	1
1776140300551990050	524410000	22	3	10.0.1.3	1
1776140300553454747	1467020342	22	3	10.0.1.3	1
1776140300554312130	498620881	22	3	10.0.1.3	1
1776140300559863386	2048999174	20	5	10.0.1.5	1
1776140300560802274	1905760050	20	5	10.0.1.5	1
1776140300579462634	504165263	22	10	10.0.1.10	1
1776140300580471833	1469736883	22	10	10.0.1.10	1
1776140300581134526	488523065	22	10	10.0.1.10	1
1776140300581568056	1632881477	22	10	10.0.1.10	1
1776140300581804404	884874386	22	10	10.0.1.10	1
1776140300582017266	1068732279	22	10	10.0.1.10	1
1776140300583474234	1252320409	22	10	10.0.1.10	1
1776140300583712791	986920129	22	10	10.0.1.10	1
1776140300599411113	1678312776	22	1	10.0.1.1	1
1776140300604075656	1338439372	22	1	10.0.1.1	1
1776140300604779302	853588939	22	1	10.0.1.1	1
1776140300605864645	705589223	22	1	10.0.1.1	1
1776140300610042774	643098500	22	1	10.0.1.1	1
1776140300611077817	769794169	22	1	10.0.1.1	1
1776140300611430370	1464155146	22	1	10.0.1.1	1
1776140300611792695	1308873641	22	1	10.0.1.1	1
1776140300612186638	821507630	22	1	10.0.1.1	1
1776140300614415704	569132089	22	7	10.0.1.7	1
1776140300617862347	194088143	22	7	10.0.1.7	1
1776140300619042515	215837656	22	7	10.0.1.7	1
1776140300624477846	309571400	21	6	10.0.1.6	1
1776140300638836608	32958717	22	4	10.0.1.4	1
1776140300639617311	160692447	22	4	10.0.1.4	1
1776140300642728164	1145945195	22	4	10.0.1.4	1
1776140300644924142	2100964273	22	4	10.0.1.4	1
1776140300646365028	696589296	22	4	10.0.1.4	1
1776140300647115943	924892836	22	4	10.0.1.4	1
1776140300648392565	386669227	22	4	10.0.1.4	1
1776140300649576336	214129242	22	2	10.0.1.2	1
1776140300656971935	1346040980	22	2	10.0.1.2	1
1776140300658096184	1325984103	22	2	10.0.1.2	1
1776140300663603071	375958582	22	2	10.0.1.2	1
1776140300676143046	1369889763	22	9	10.0.1.9	1
1776140300676386635	1955158624	23	3	10.0.1.3	1
1776140300677782119	1870314309	23	3	10.0.1.3	1
1776140300678135274	2082966362	23	3	10.0.1.3	1
1776140300680684167	172475835	23	3	10.0.1.3	1
1776140300681086871	1448171685	23	3	10.0.1.3	1
1776140300681961927	1047859235	23	3	10.0.1.3	1
1776140300682338537	1161823047	23	3	10.0.1.3	1
1776140300684699632	1511594041	23	3	10.0.1.3	1
1776140300685048476	357265650	23	3	10.0.1.3	1
1776140300686229389	62163760	23	3	10.0.1.3	1
1776140300686664081	120515122	23	3	10.0.1.3	1
1776140300687249609	524410000	23	3	10.0.1.3	1
1776140300688751543	1467020342	23	3	10.0.1.3	1
1776140300689713884	498620881	23	3	10.0.1.3	1
1776140300695104672	504165263	23	10	10.0.1.10	1
1776140300695447247	1469736883	23	10	10.0.1.10	1
1776140300695852597	488523065	23	10	10.0.1.10	1
1776140300696297280	1632881477	23	10	10.0.1.10	1
1776140300699710609	884874386	23	10	10.0.1.10	1
1776140300700432201	1068732279	23	10	10.0.1.10	1
1776140300701364499	1252320409	23	10	10.0.1.10	1
1776140300702354065	986920129	23	10	10.0.1.10	1
1776140300707490051	2048999174	21	5	10.0.1.5	1
1776140300709007004	1905760050	21	5	10.0.1.5	1
1776140300735786575	1678312776	23	1	10.0.1.1	1
1776140300736589899	1338439372	23	1	10.0.1.1	1
1776140300736987657	853588939	23	1	10.0.1.1	1
1776140300739001005	705589223	23	1	10.0.1.1	1
1776140300743259010	643098500	23	1	10.0.1.1	1
1776140300744539806	769794169	23	1	10.0.1.1	1
1776140300745327501	1464155146	23	1	10.0.1.1	1
1776140300745943683	1308873641	23	1	10.0.1.1	1
1776140300746504577	821507630	23	1	10.0.1.1	1
1776140300748366578	569132089	23	7	10.0.1.7	1
1776140300751855096	194088143	23	7	10.0.1.7	1
1776140300753157670	215837656	23	7	10.0.1.7	1
1776140300759078494	309571400	22	6	10.0.1.6	1
1776140300777056165	214129242	23	2	10.0.1.2	1
1776140300777473410	32958717	23	4	10.0.1.4	1
1776140300778327944	160692447	23	4	10.0.1.4	1
1776140300783259603	1145945195	23	4	10.0.1.4	1
1776140300786196887	2100964273	23	4	10.0.1.4	1
1776140300788425069	696589296	23	4	10.0.1.4	1
1776140300789635550	924892836	23	4	10.0.1.4	1
1776140300791656307	386669227	23	4	10.0.1.4	1
1776140300792829049	1346040980	23	2	10.0.1.2	1
1776140300795017231	1325984103	23	2	10.0.1.2	1
1776140300811214803	375958582	23	2	10.0.1.2	1
1776140300817115954	1369889763	23	9	10.0.1.9	1
1776140300818192809	1955158624	24	3	10.0.1.3	1
1776140300819495560	1870314309	24	3	10.0.1.3	1
1776140300820292655	2082966362	24	3	10.0.1.3	1
1776140300822012205	172475835	24	3	10.0.1.3	1
1776140300822578140	1448171685	24	3	10.0.1.3	1
1776140300823629762	1047859235	24	3	10.0.1.3	1
1776140300824331688	1161823047	24	3	10.0.1.3	1
1776140300827209112	1511594041	24	3	10.0.1.3	1
1776140300827844141	357265650	24	3	10.0.1.3	1
1776140300828785824	62163760	24	3	10.0.1.3	1
1776140300829591990	120515122	24	3	10.0.1.3	1
1776140300830136106	524410000	24	3	10.0.1.3	1
1776140300832030741	1467020342	24	3	10.0.1.3	1
1776140300833481032	498620881	24	3	10.0.1.3	1
1776140300840978921	504165263	24	10	10.0.1.10	1
1776140300841647736	1469736883	24	10	10.0.1.10	1
1776140300842494537	488523065	24	10	10.0.1.10	1
1776140300843249690	1632881477	24	10	10.0.1.10	1
1776140300846993467	884874386	24	10	10.0.1.10	1
1776140300848097489	1068732279	24	10	10.0.1.10	1
1776140300848837789	1252320409	24	10	10.0.1.10	1
1776140300849951194	986920129	24	10	10.0.1.10	1
1776140300867724501	2048999174	22	5	10.0.1.5	1
1776140300868679038	1905760050	22	5	10.0.1.5	1
1776140300880612008	1678312776	24	1	10.0.1.1	1
1776140300881576490	1338439372	24	1	10.0.1.1	1
1776140300881868418	853588939	24	1	10.0.1.1	1
1776140300883117814	705589223	24	1	10.0.1.1	1
1776140300887157924	643098500	24	1	10.0.1.1	1
1776140300888301442	769794169	24	1	10.0.1.1	1
1776140300888810674	1464155146	24	1	10.0.1.1	1
1776140300889107826	1308873641	24	1	10.0.1.1	1
1776140300889490728	821507630	24	1	10.0.1.1	1
1776140300891780628	569132089	24	7	10.0.1.7	1
1776140300895036054	194088143	24	7	10.0.1.7	1
1776140300896667931	215837656	24	7	10.0.1.7	1
1776140300904186366	309571400	23	6	10.0.1.6	1
1776140300921262067	32958717	24	4	10.0.1.4	1
1776140300922256795	160692447	24	4	10.0.1.4	1
1776140300924729830	1145945195	24	4	10.0.1.4	1
1776140300926845550	2100964273	24	4	10.0.1.4	1
1776140300929474022	696589296	24	4	10.0.1.4	1
1776140300931039601	924892836	24	4	10.0.1.4	1
1776140300933267241	386669227	24	4	10.0.1.4	1
1776140300939087301	214129242	24	2	10.0.1.2	1
1776140300947215277	1346040980	24	9	10.0.1.9	1
1776140300951695093	1325984103	24	2	10.0.1.2	1
1776140300958180545	1369889763	24	9	10.0.1.9	1
1776140300960986672	375958582	24	2	10.0.1.2	1
1776140300962076542	1955158624	25	3	10.0.1.3	1
1776140300963368107	1870314309	25	3	10.0.1.3	1
1776140300963782215	2082966362	25	3	10.0.1.3	1
1776140300964972259	172475835	25	3	10.0.1.3	1
1776140300965467872	1448171685	25	3	10.0.1.3	1
1776140300966785879	1047859235	25	3	10.0.1.3	1
1776140300967568688	1161823047	25	3	10.0.1.3	1
1776140300969860597	1511594041	25	3	10.0.1.3	1
1776140300970633803	357265650	25	3	10.0.1.3	1
1776140300971260321	62163760	25	3	10.0.1.3	1
1776140300972102510	120515122	25	3	10.0.1.3	1
1776140300972713661	524410000	25	3	10.0.1.3	1
1776140300973256428	1467020342	25	3	10.0.1.3	1
1776140300973671301	498620881	25	3	10.0.1.3	1
1776140300978363196	504165263	25	10	10.0.1.10	1
1776140300978703982	1469736883	25	10	10.0.1.10	1
1776140300979096452	488523065	25	10	10.0.1.10	1
1776140300979499247	1632881477	25	10	10.0.1.10	1
1776140300982795464	884874386	25	10	10.0.1.10	1
1776140300983670439	1068732279	25	10	10.0.1.10	1
1776140300984048525	1252320409	25	10	10.0.1.10	1
1776140300984926275	986920129	25	10	10.0.1.10	1
1776140301001116895	2048999174	23	5	10.0.1.5	1
1776140301002027297	1905760050	23	5	10.0.1.5	1
1776140301014709632	1678312776	25	1	10.0.1.1	1
1776140301017235731	1338439372	25	1	10.0.1.1	1
1776140301017672515	853588939	25	1	10.0.1.1	1
1776140301020506855	705589223	25	1	10.0.1.1	1
1776140301026532361	643098500	25	1	10.0.1.1	1
1776140301027724574	769794169	25	1	10.0.1.1	1
1776140301028121399	1464155146	25	1	10.0.1.1	1
1776140301028568605	1308873641	25	1	10.0.1.1	1
1776140301029033048	821507630	25	1	10.0.1.1	1
1776140301031354816	569132089	25	7	10.0.1.7	1
1776140301034786430	194088143	25	7	10.0.1.7	1
1776140301036075328	215837656	25	7	10.0.1.7	1
1776140301063880339	32958717	25	4	10.0.1.4	1
1776140301064451827	160692447	25	4	10.0.1.4	1
1776140301068651399	1145945195	25	4	10.0.1.4	1
1776140301071470620	2100964273	25	4	10.0.1.4	1
1776140301073394649	696589296	25	4	10.0.1.4	1
1776140301073906679	924892836	25	4	10.0.1.4	1
1776140301074306365	214129242	25	2	10.0.1.2	1
1776140301076558770	386669227	25	4	10.0.1.4	1
1776140301086229538	1346040980	25	9	10.0.1.9	1
1776140301094123824	1325984103	25	2	10.0.1.2	1
1776140301101474192	1369889763	25	9	10.0.1.9	1
1776140301103562269	375958582	25	2	10.0.1.2	1
1776140301104865016	1955158624	26	3	10.0.1.3	1
1776140301105687435	1870314309	26	3	10.0.1.3	1
1776140301106024270	2082966362	26	3	10.0.1.3	1
1776140301107497108	172475835	26	3	10.0.1.3	1
1776140301107835401	1448171685	26	3	10.0.1.3	1
1776140301108818453	1047859235	26	3	10.0.1.3	1
1776140301109236005	1161823047	26	3	10.0.1.3	1
1776140301111494524	1511594041	26	3	10.0.1.3	1
1776140301112656891	357265650	26	3	10.0.1.3	1
1776140301113730449	62163760	26	3	10.0.1.3	1
1776140301114204961	120515122	26	3	10.0.1.3	1
1776140301114702824	524410000	26	3	10.0.1.3	1
1776140301116630350	1467020342	26	3	10.0.1.3	1
1776140301117995309	498620881	26	3	10.0.1.3	1
1776140301123291643	504165263	26	10	10.0.1.10	1
1776140301123725507	1469736883	26	10	10.0.1.10	1
1776140301124151855	488523065	26	10	10.0.1.10	1
1776140301124521240	1632881477	26	10	10.0.1.10	1
1776140301127581352	884874386	26	10	10.0.1.10	1
1776140301128401546	1068732279	26	10	10.0.1.10	1
1776140301129134383	1252320409	26	10	10.0.1.10	1
1776140301129719565	986920129	26	10	10.0.1.10	1
1776140301145251541	2048999174	24	5	10.0.1.5	1
1776140301146516306	1905760050	24	5	10.0.1.5	1
1776140301158496760	1678312776	26	1	10.0.1.1	1
1776140301159303206	1338439372	26	1	10.0.1.1	1
1776140301159625974	853588939	26	1	10.0.1.1	1
1776140301161101706	705589223	26	1	10.0.1.1	1
1776140301165516000	643098500	26	1	10.0.1.1	1
1776140301166555373	769794169	26	1	10.0.1.1	1
1776140301166969744	1464155146	26	1	10.0.1.1	1
1776140301167364106	1308873641	26	1	10.0.1.1	1
1776140301167754016	821507630	26	1	10.0.1.1	1
1776140301170127594	569132089	26	7	10.0.1.7	1
1776140301173527027	194088143	26	7	10.0.1.7	1
1776140301174631560	215837656	26	7	10.0.1.7	1
1776140301209102024	214129242	26	2	10.0.1.2	1
1776140301212994080	32958717	26	4	10.0.1.4	1
1776140301215506745	160692447	26	4	10.0.1.4	1
1776140301221401899	1145945195	26	4	10.0.1.4	1
1776140301222148507	1346040980	26	2	10.0.1.2	1
1776140301225617464	1325984103	26	2	10.0.1.2	1
1776140301229310141	2100964273	26	4	10.0.1.4	1
1776140301232739524	696589296	26	4	10.0.1.4	1
1776140301234248592	924892836	26	4	10.0.1.4	1
1776140301239542501	386669227	26	4	10.0.1.4	1
1776140301241397839	375958582	26	2	10.0.1.2	1
1776140301257383253	1369889763	26	9	10.0.1.9	1
1776140301257868846	1870314309	27	10	10.0.1.10	1
1776140301261006292	1955158624	27	3	10.0.1.3	1
1776140301264170275	1161823047	27	10	10.0.1.10	1
1776140301264881566	2082966362	27	3	10.0.1.3	1
1776140301267008861	504165263	27	10	10.0.1.10	1
1776140301268587778	1469736883	27	10	10.0.1.10	1
1776140301269051728	172475835	27	3	10.0.1.3	1
1776140301269550613	488523065	27	10	10.0.1.10	1
1776140301270108344	1448171685	27	3	10.0.1.3	1
1776140301270586541	1632881477	27	10	10.0.1.10	1
1776140301272492635	1047859235	27	3	10.0.1.3	1
1776140301273720210	62163760	27	10	10.0.1.10	1
1776140301276905757	524410000	27	10	10.0.1.10	1
1776140301277356616	1511594041	27	3	10.0.1.3	1
1776140301277721642	884874386	27	10	10.0.1.10	1
1776140301278165515	357265650	27	3	10.0.1.3	1
1776140301278578948	1467020342	27	10	10.0.1.10	1
1776140301279384244	1068732279	27	10	10.0.1.10	1
1776140301279863714	120515122	27	3	10.0.1.3	1
1776140301280361387	1252320409	27	10	10.0.1.10	1
1776140301282626539	986920129	27	10	10.0.1.10	1
1776140301284714113	498620881	27	3	10.0.1.3	1
1776140301297413478	1678312776	27	1	10.0.1.1	1
1776140301298196025	1338439372	27	1	10.0.1.1	1
1776140301298613137	853588939	27	1	10.0.1.1	1
1776140301299864465	705589223	27	1	10.0.1.1	1
1776140301304076115	643098500	27	1	10.0.1.1	1
1776140301305266162	769794169	27	1	10.0.1.1	1
1776140301305735646	1464155146	27	1	10.0.1.1	1
1776140301306126031	1308873641	27	1	10.0.1.1	1
1776140301306645366	821507630	27	1	10.0.1.1	1
1776140301312434050	2048999174	25	5	10.0.1.5	1
1776140301313636191	1905760050	25	5	10.0.1.5	1
1776140301327355452	569132089	27	7	10.0.1.7	1
1776140301330856106	194088143	27	7	10.0.1.7	1
1776140301332100137	215837656	27	7	10.0.1.7	1
1776140301351177283	32958717	27	4	10.0.1.4	1
1776140301351767375	160692447	27	4	10.0.1.4	1
1776140301352524186	214129242	27	2	10.0.1.2	1
1776140301355259673	1145945195	27	4	10.0.1.4	1
1776140301359723047	2100964273	27	4	10.0.1.4	1
1776140301362760114	696589296	27	4	10.0.1.4	1
1776140301363596081	1346040980	27	2	10.0.1.2	1
1776140301365044732	924892836	27	4	10.0.1.4	1
1776140301372288650	1325984103	27	2	10.0.1.2	1
1776140301374142249	386669227	27	4	10.0.1.4	1
1776140301383185512	375958582	27	2	10.0.1.2	1
1776140301396669355	1369889763	27	9	10.0.1.9	1
1776140301397252451	1955158624	28	3	10.0.1.3	1
1776140301397727014	1870314309	28	10	10.0.1.10	1
1776140301399634440	2082966362	28	3	10.0.1.3	1
1776140301402651204	172475835	28	3	10.0.1.3	1
1776140301403749486	1448171685	28	3	10.0.1.3	1
1776140301404330328	1161823047	28	10	10.0.1.10	1
1776140301406162994	1047859235	28	3	10.0.1.3	1
1776140301406693309	504165263	28	10	10.0.1.10	1
1776140301407404177	1469736883	28	10	10.0.1.10	1
1776140301408375646	488523065	28	10	10.0.1.10	1
1776140301409143820	1632881477	28	10	10.0.1.10	1
1776140301411644539	1511594041	28	3	10.0.1.3	1
1776140301412027178	62163760	28	10	10.0.1.10	1
1776140301412516040	357265650	28	3	10.0.1.3	1
1776140301414601751	120515122	28	3	10.0.1.3	1
1776140301415523696	524410000	28	3	10.0.1.3	1
1776140301417201509	884874386	28	10	10.0.1.10	1
1776140301418391697	1467020342	28	10	10.0.1.10	1
1776140301419472921	1068732279	28	10	10.0.1.10	1
1776140301420679249	1252320409	28	10	10.0.1.10	1
1776140301421231897	498620881	28	3	10.0.1.3	1
1776140301422811075	986920129	28	10	10.0.1.10	1
1776140301436095232	1678312776	28	1	10.0.1.1	1
1776140301437024378	1338439372	28	1	10.0.1.1	1
1776140301437642243	853588939	28	1	10.0.1.1	1
1776140301438990093	705589223	28	1	10.0.1.1	1
1776140301443258261	643098500	28	1	10.0.1.1	1
1776140301446976011	769794169	28	1	10.0.1.1	1
1776140301447424861	1464155146	28	1	10.0.1.1	1
1776140301447786698	1308873641	28	1	10.0.1.1	1
1776140301448145379	821507630	28	1	10.0.1.1	1
1776140301454223231	2048999174	26	5	10.0.1.5	1
1776140301455317285	1905760050	26	5	10.0.1.5	1
1776140301467367826	569132089	28	7	10.0.1.7	1
1776140301471870148	194088143	28	7	10.0.1.7	1
1776140301475836672	215837656	28	7	10.0.1.7	1
1776140301497810292	214129242	28	2	10.0.1.2	1
1776140301502464109	160692447	28	2	10.0.1.2	1
1776140301504035501	1346040980	28	2	10.0.1.2	1
1776140301505958298	1325984103	28	2	10.0.1.2	1
1776140301507244410	2100964273	28	2	10.0.1.2	1
1776140301509249790	696589296	28	2	10.0.1.2	1
1776140301510392418	386669227	28	2	10.0.1.2	1
1776140301510724095	375958582	28	2	10.0.1.2	1
1776140301512226276	32958717	28	4	10.0.1.4	1
1776140301515416691	1145945195	28	4	10.0.1.4	1
1776140301519881356	924892836	28	4	10.0.1.4	1
1776140301535339402	1369889763	28	9	10.0.1.9	1
1776140301538228442	1955158624	29	3	10.0.1.3	1
1776140301539778322	1870314309	29	10	10.0.1.10	1
1776140301541538799	2082966362	29	3	10.0.1.3	1
1776140301546107688	172475835	29	3	10.0.1.3	1
1776140301546763254	1448171685	29	3	10.0.1.3	1
1776140301547953903	1047859235	29	3	10.0.1.3	1
1776140301549750810	1161823047	29	3	10.0.1.3	1
1776140301555969430	1511594041	29	3	10.0.1.3	1
1776140301557146816	357265650	29	3	10.0.1.3	1
1776140301558764051	62163760	29	3	10.0.1.3	1
1776140301559767959	120515122	29	3	10.0.1.3	1
1776140301560327266	504165263	29	10	10.0.1.10	1
1776140301560836809	524410000	29	3	10.0.1.3	1
1776140301564296826	1469736883	29	10	10.0.1.10	1
1776140301564878540	1467020342	29	3	10.0.1.3	1
1776140301566285269	488523065	29	10	10.0.1.10	1
1776140301566519252	498620881	29	3	10.0.1.3	1
1776140301568090418	1632881477	29	10	10.0.1.10	1
1776140301576593265	884874386	29	10	10.0.1.10	1
1776140301577262437	1068732279	29	10	10.0.1.10	1
1776140301577623681	1252320409	29	10	10.0.1.10	1
1776140301578451253	986920129	29	10	10.0.1.10	1
1776140301581106848	1678312776	29	1	10.0.1.1	1
1776140301582280688	1338439372	29	1	10.0.1.1	1
1776140301583257940	853588939	29	1	10.0.1.1	1
1776140301584139865	705589223	29	1	10.0.1.1	1
1776140301591027540	643098500	29	1	10.0.1.1	1
1776140301591507776	769794169	29	1	10.0.1.1	1
1776140301591804432	1464155146	29	1	10.0.1.1	1
1776140301592162423	1308873641	29	1	10.0.1.1	1
1776140301592447887	821507630	29	1	10.0.1.1	1
1776140301600132613	2048999174	27	5	10.0.1.5	1
1776140301601417968	1905760050	27	5	10.0.1.5	1
1776140301608203313	569132089	29	7	10.0.1.7	1
1776140301617037618	194088143	29	7	10.0.1.7	1
1776140301621037281	215837656	29	7	10.0.1.7	1
1776140301654591101	214129242	29	2	10.0.1.2	1
1776140301654960330	160692447	29	2	10.0.1.2	1
1776140301656747803	1346040980	29	2	10.0.1.2	1
1776140301659147574	1325984103	29	2	10.0.1.2	1
1776140301661760397	2100964273	29	2	10.0.1.2	1
1776140301671527938	696589296	29	2	10.0.1.2	1
1776140301683494180	1369889763	29	9	10.0.1.9	1
1776140301684227168	386669227	29	2	10.0.1.2	1
1776140301684664819	375958582	29	2	10.0.1.2	1
1776140301685694652	32958717	29	4	10.0.1.4	1
1776140301690520960	1145945195	29	4	10.0.1.4	1
1776140301699461019	924892836	29	4	10.0.1.4	1
1776140301723451418	2048999174	28	5	10.0.1.5	1
1776140301724584304	1905760050	28	5	10.0.1.5	1
1776140301876818285	2048999174	29	5	10.0.1.5	1
1776140301877947881	1905760050	29	5	10.0.1.5	1
